id,target
31715,0.837373653653036
31716,0.4000421170258475
31717,0.7179118093168959
31718,0.3194514215683145
31719,0.225089754587406
31720,0.2692200825468149
31721,0.3769706083327798
31722,0.4833818178307082
31723,0.3800252345868837
31724,0.662827662641153
31725,0.664800414492172
31726,0.3955658712169566
31727,0.36743394767110493
31728,0.42048033716751637
31729,0.4022568257897537
31730,0.3450478293822083
31731,0.2385226092089864
31732,0.6827132523175798
31733,0.3090876467358525
31734,0.6362628343150264
31735,0.8105281921604548
31736,0.6668114816936576
31737,0.5772378914796727
31738,0.23357240153738995
31739,0.14950121340404604
31740,0.4620289392140257
31741,0.5063823964362932
31742,0.7875090996385415
31743,0.6282350350293862
31744,0.8648794651080222
31745,0.24128099045980217
31746,0.5881916385731129
31747,0.8338079413172536
31748,0.541203714688604
31749,0.6314794690154629
31750,0.7667792443779448
31751,0.6219709797534889
31752,0.7914607306355085
31753,0.3638233613153335
31754,0.660275777540374
31755,0.6532538017824192
31756,0.1793643208660253
31757,0.30711906933578714
31758,0.22687321123010812
31759,0.667485207891559
31760,0.8760068301481332
31761,0.8876431904481045
31762,0.8000794142330363
31763,0.769231751226452
31764,0.8061279496160676
31765,0.4361214155965973
31766,0.7047361496960739
31767,0.8763916012751898
31768,0.494051155945494
31769,0.5004905445872082
31770,0.8516333213096721
31771,0.7511093313459313
31772,0.4793872323995851
31773,0.7426349282316745
31774,0.6760076830840708
31775,0.8362685555499824
31776,0.7011362074447675
31777,0.6102509545378332
31778,0.7449318465246569
31779,0.5460843906047341
31780,0.4091255737948411
31781,0.6341622609796373
31782,0.759294652167791
31783,0.3930420758666673
31784,0.4852143050309844
31785,0.5145190720589256
31786,0.6572199332896739
31787,0.5618605377760874
31788,0.5392389443660562
31789,0.7943749821407551
31790,0.9430243394246587
31791,0.7074932599656487
31792,0.7799929305804751
31793,0.9105297961551745
31794,0.6783003889720851
31795,0.6333112447223932
31796,0.7465532901776282
31797,0.6164292248235865
31798,0.7342097362576461
31799,0.6116362931253021
31800,0.8519608380195351
31801,0.5817869929187152
31802,0.7928344031091938
31803,0.7707556419692847
31804,0.8927076659011457
31805,0.8623421064463902
31806,0.4127415308109485
31807,0.33471939821427854
31808,0.6441909994790747
31809,0.541941655118075
31810,0.4825468574042662
31811,0.3444698456044744
31812,0.466666234119567
31813,0.6349945394865926
31814,0.7031329413307311
31815,0.36437448099582015
31816,0.6617282652455566
31817,0.4388767130921425
31818,0.3362408998957957
31819,0.7990028280145701
31820,0.16742989470998534
31821,0.3243995417075273
31822,0.3543145441408011
31823,0.41110414196217315
31824,0.5797131820216956
31825,0.8412268934394898
31826,0.3645012918651474
31827,0.4012884004741461
31828,0.8375805567231625
31829,0.42099678296985116
31830,0.31254793828465627
31831,0.8125218597337571
31832,0.4588435905247123
31833,0.7780918507793078
31834,0.7567634482263764
31835,0.31177513529798134
31836,0.6462616829990376
31837,0.2989862133993842
31838,0.574898364909605
31839,0.8171714465177904
31840,0.23660429999279078
31841,0.39748812335299627
31842,0.27510613965444286
31843,0.23535682026492255
31844,0.6963971832349408
31845,0.8315656104661779
31846,0.7796396994073064
31847,0.4220125310699023
31848,0.31582117890070593
31849,0.31238349898088646
31850,0.8399457627471586
31851,0.14826029833137003
31852,0.22337560221531744
31853,0.20776584424648636
31854,0.16653222406186374
31855,0.4584185626364705
31856,0.5725013238750165
31857,0.1509981587940467
31858,0.6390933042212246
31859,0.6230135282181758
31860,0.7002236235540347
31861,0.4547128477335929
31862,0.8608177124446704
31863,0.8609648507629901
31864,0.5924069398824269
31865,0.7636849701757735
31866,0.24644134662056233
31867,0.7472944798537136
31868,0.4273322452679992
31869,0.36620224936969287
31870,0.1652171866610751
31871,0.20237908195185847
31872,0.6098946165774664
31873,0.6327738825532024
31874,0.6254347600694522
31875,0.3700472597301407
31876,0.1750152287772384
31877,0.4337698285348679
31878,0.19911879016656212
31879,0.5646881216416204
31880,0.7503184409129602
31881,0.2117767833163589
31882,0.29200826475669917
31883,0.47711830773588176
31884,0.2258976218776093
31885,0.69295932580939
31886,0.5041885384238679
31887,0.4676730409154584
31888,0.3522239603923539
31889,0.6771673738247499
31890,0.21126885018830133
31891,0.12792203855827183
31892,0.3327741943716255
31893,0.43908923646395126
31894,0.5918560822583876
31895,0.37149360798830483
31896,0.28409554585181823
31897,0.18041580719076594
31898,0.5295464326294056
31899,0.6126130163954648
31900,0.7738421829228175
31901,0.9108288286508576
31902,0.5386148052855867
31903,0.5298826991181764
31904,0.6784957558994987
31905,0.2463738996920427
31906,0.4028668128976244
31907,0.7179854461125279
31908,0.46884631273392857
31909,0.5474976173403846
31910,0.673216706280743
31911,0.39364612906617596
31912,0.2656873439808007
31913,0.6279108012006538
31914,0.5376666423435247
31915,0.6928312195817096
31916,0.40410339226647457
31917,0.7672588755547457
31918,0.5070729785296495
31919,0.47733599021290624
31920,0.582129194919463
31921,0.30463468481410516
31922,0.1656791556806877
31923,0.2567097868147186
31924,0.21382568335772315
31925,0.25544349894101714
31926,0.4448594071140032
31927,0.6491536065488941
31928,0.5610883883055986
31929,0.42703446503303855
31930,0.6909869662307427
31931,0.3539307121025368
31932,0.25399336986222437
31933,0.674316107386465
31934,0.13038038217650413
31935,0.5466079817256627
31936,0.6788204891552496
31937,0.4317957582380891
31938,0.3926821224267192
31939,0.5616894147625933
31940,0.8274409091621364
31941,0.6270779728638363
31942,0.8043275570801794
31943,0.3299892661077943
31944,0.4836233849283904
31945,0.4886300588832641
31946,0.7231596675811562
31947,0.6021309040584735
31948,0.6221627811877136
31949,0.3849689790612617
31950,0.33714233254734455
31951,0.651401554021126
31952,0.3063306647150888
31953,0.23169807660328065
31954,0.5737897285958447
31955,0.2272280680190567
31956,0.18438499193705316
31957,0.7659763438557116
31958,0.8478287482218879
31959,0.3753629074819503
31960,0.8774435850190735
31961,0.4161467188825648
31962,0.3170683154166248
31963,0.1582555757242991
31964,0.6219189196296809
31965,0.3425721850614467
31966,0.2455032548894644
31967,0.38257467032202747
31968,0.5238497152095635
31969,0.7362776287172828
31970,0.41001306651847164
31971,0.5876903403720015
31972,0.28954475094335325
31973,0.19115825624270263
31974,0.5844050823904635
31975,0.5879401987481997
31976,0.5754644972156432
31977,0.31639788735884083
31978,0.21322947448945498
31979,0.4041888055196947
31980,0.6023777162510718
31981,0.45249636815118177
31982,0.26496001042309464
31983,0.18922338654923174
31984,0.22538633785278733
31985,0.5280342981044602
31986,0.19610978707670643
31987,0.21755892329044527
31988,0.8387551912086745
31989,0.312554296519407
31990,0.22137936606433742
31991,0.5096467506388979
31992,0.12607319444652004
31993,0.5922659931531377
31994,0.7607754287296673
31995,0.7809029567438764
31996,0.7103876757384195
31997,0.5309348712242469
31998,0.6179490284220348
31999,0.6222167667448111
32000,0.5923618363783928
32001,0.6397384726203299
32002,0.6293516284630661
32003,0.5425189306041134
32004,0.5929632479271928
32005,0.5104433036832909
32006,0.5495418109918336
32007,0.5886696195782867
32008,0.4967671497791286
32009,0.4018063530282572
32010,0.2253077504281112
32011,0.39255826423462703
32012,0.3509611999606195
32013,0.32683993435270936
32014,0.4055757922090451
32015,0.8275929209583567
32016,0.21717567377666552
32017,0.1851525546173075
32018,0.5601835740109828
32019,0.22738388513525826
32020,0.41843474878662945
32021,0.24734529028451216
32022,0.5536568056520802
32023,0.5441666803905855
32024,0.6336172104678035
32025,0.687819433211112
32026,0.5631529393985282
32027,0.574684847345234
32028,0.6307154856513748
32029,0.45839750356114684
32030,0.6919108978210942
32031,0.4912799688849001
32032,0.5241854910609769
32033,0.6498499693823838
32034,0.24100556403795909
32035,0.47985106894222124
32036,0.4228726571727804
32037,0.33676691689773236
32038,0.3788392101538955
32039,0.32211700366482804
32040,0.5626701827662004
32041,0.4589773985977614
32042,0.3390363995668083
32043,0.6070440457447625
32044,0.7124502208547981
32045,0.4553558519869819
32046,0.507205414838235
32047,0.218995936160148
32048,0.7408508077098686
32049,0.5236600133897547
32050,0.3188323363391051
32051,0.25621667689393157
32052,0.8105703070188444
32053,0.6538372016088211
32054,0.59957219640221
32055,0.3493432047958058
32056,0.8863513807317944
32057,0.5451108304711231
32058,0.4803894733719617
32059,0.38305975521359575
32060,0.8165918214793899
32061,0.4499814193648514
32062,0.6706128779628362
32063,0.7674532602820863
32064,0.5380306439436459
32065,0.5912173443439641
32066,0.6934741728401571
32067,0.6013975209264395
32068,0.7398188657150526
32069,0.22905245355501574
32070,0.4655751936316947
32071,0.6254084050842745
32072,0.22253754831260655
32073,0.48488714303592234
32074,0.4769406459090234
32075,0.23624804384535766
32076,0.6769735076880833
32077,0.5588069229327239
32078,0.4447944462444887
32079,0.4985318450957019
32080,0.48601067925828184
32081,0.4227232870776295
32082,0.5439514625986344
32083,0.3463624910413308
32084,0.24207244543171505
32085,0.5197233158124543
32086,0.7724402847964523
32087,0.3873752628114493
32088,0.4084099992132665
32089,0.7771497784776972
32090,0.60008061132319
32091,0.39011951134828554
32092,0.32398852597643196
32093,0.8784897310456931
32094,0.2762842707643696
32095,0.5471815327639924
32096,0.6219394718785937
32097,0.2811655714993467
32098,0.4703157163409648
32099,0.4156337399555413
32100,0.4891893304015195
32101,0.8995318724189388
32102,0.2811917154181943
32103,0.5731339783805561
32104,0.2056120120153067
32105,0.30793934403773143
32106,0.38768430656190206
32107,0.4917138738583902
32108,0.7844428386743492
32109,0.25812985034302
32110,0.2008521754209802
32111,0.32279147808358083
32112,0.29484890843876693
32113,0.7253510347209906
32114,0.2918436518054086
32115,0.43485449256772984
32116,0.5805884000271052
32117,0.4543014315938099
32118,0.5573882977697132
32119,0.235408262179402
32120,0.63785138616363
32121,0.3570605241960371
32122,0.7250088815147537
32123,0.7368230577988807
32124,0.4986644027078501
32125,0.6125523282551014
32126,0.32887294227899966
32127,0.5767756019458823
32128,0.3794348263354579
32129,0.4098486593562603
32130,0.6086242435824484
32131,0.5434367657370691
32132,0.617788860124563
32133,0.5066633374241588
32134,0.5941445357953263
32135,0.4748097958747238
32136,0.582151971044797
32137,0.5008202107769336
32138,0.3666800739239963
32139,0.5400943687799751
32140,0.5691591719437824
32141,0.5516857411311326
32142,0.7186693627630213
32143,0.719566574502815
32144,0.27032004849975927
32145,0.18768203896740193
32146,0.42706034982773644
32147,0.49868212637218096
32148,0.23989177510036144
32149,0.7611928155389536
32150,0.6780371597876856
32151,0.6412949136441809
32152,0.19265413233073272
32153,0.5189535812690526
32154,0.6353848414819253
32155,0.3837568679616353
32156,0.38958643967072076
32157,0.3589272954207152
32158,0.446098059041168
32159,0.830649402082042
32160,0.8329698989634452
32161,0.47651222486945993
32162,0.38669601311483165
32163,0.27543584177475045
32164,0.6322529821523887
32165,0.5699564278482322
32166,0.6019302822501422
32167,0.57933326561474
32168,0.8926688607354508
32169,0.5034727648688778
32170,0.6051908285443397
32171,0.2681924337833342
32172,0.594217179913079
32173,0.2088839919657848
32174,0.5921738019445827
32175,0.8099994512393801
32176,0.7708072027247879
32177,0.34713124125861144
32178,0.6677539555549539
32179,0.4837341863131652
32180,0.6671462431032391
32181,0.8532357215217219
32182,0.8762490037239834
32183,0.8805681365328122
32184,0.48590490528863833
32185,0.8280000960302137
32186,0.7381225735159793
32187,0.6073481203849795
32188,0.6209346137625101
32189,0.8545108319949896
32190,0.82584126844391
32191,0.7461237284792135
32192,0.7465687343935199
32193,0.8213875550511487
32194,0.8543466251113743
32195,0.8763820567564143
32196,0.5051054540916017
32197,0.5895438037017137
32198,0.6655443765260486
32199,0.8065726196516108
32200,0.7518951840974825
32201,0.7640733545056282
32202,0.8109754512643593
32203,0.7454002573402353
32204,0.38362283615720005
32205,0.5280742416023506
32206,0.6900608363077968
32207,0.301681326224488
32208,0.5837672673652772
32209,0.5616799565665108
32210,0.5137962261111291
32211,0.42537109925807093
32212,0.5645368150352221
32213,0.6789232155989803
32214,0.89450567235921
32215,0.8269300169226909
32216,0.4136055191987776
32217,0.7822236167660381
32218,0.2644780316680003
32219,0.6788232697293399
32220,0.5264617603919094
32221,0.7032305947943128
32222,0.4676852940428729
32223,0.4503653138724882
32224,0.6888046112279578
32225,0.6823416559935832
32226,0.8571730542973379
32227,0.8396089749310827
32228,0.6416269635740752
32229,0.660598094756579
32230,0.726768457363089
32231,0.47457310221565513
32232,0.4230751030167933
32233,0.9227313348974442
32234,0.7881853135325565
32235,0.7053872936234532
32236,0.8768076623200342
32237,0.6777245893291531
32238,0.598563543300253
32239,0.5752291847311665
32240,0.8258379958854088
32241,0.4986046020389185
32242,0.5293359672520995
32243,0.6977269305389003
32244,0.7805314011144074
32245,0.47667410213600886
32246,0.5543704826329512
32247,0.2655506365134831
32248,0.4436850126597622
32249,0.6661859692553384
32250,0.6975153607442849
32251,0.829620213072635
32252,0.5796781388838973
32253,0.30379201879535106
32254,0.23263049528916532
32255,0.3458750478137117
32256,0.30681675088343763
32257,0.7147674175670334
32258,0.6156721928560633
32259,0.7195799703185343
32260,0.40552509074283305
32261,0.20120799651168325
32262,0.5495829071349038
32263,0.6373713112063374
32264,0.5504427336518344
32265,0.1880918521300976
32266,0.5698940701217264
32267,0.770789429622672
32268,0.7232909596002483
32269,0.8887650911026105
32270,0.305426999095194
32271,0.6929410487986842
32272,0.4863540713143614
32273,0.5966928741283346
32274,0.5559779512274327
32275,0.6484014333700434
32276,0.39700067960241187
32277,0.7177250202047109
32278,0.48336713794917346
32279,0.5426471783817178
32280,0.7153092035873649
32281,0.3873312168960787
32282,0.12311337273541975
32283,0.25904205181850765
32284,0.7534663471392284
32285,0.6942416627981013
32286,0.4825428351392496
32287,0.45773531936092116
32288,0.4221504521835771
32289,0.6821375382649086
32290,0.32825345806180894
32291,0.514137068692915
32292,0.2616286804310085
32293,0.32446830705531376
32294,0.394351115131884
32295,0.6633140932083079
32296,0.5451193039150207
32297,0.46567662513463515
32298,0.4268767047109796
32299,0.7480595880788613
32300,0.2971142280586372
32301,0.32565852065939505
32302,0.3255878404014808
32303,0.266490709514346
32304,0.7391254785346084
32305,0.7500920258954561
32306,0.5677534012984405
32307,0.34256299540252694
32308,0.7452016478868028
32309,0.5821253297166268
32310,0.6350697338031382
32311,0.20807619761643262
32312,0.7516871937892681
32313,0.6437821072255072
32314,0.6724390880538706
32315,0.2084221879978548
32316,0.3014111401340305
32317,0.32007945150186123
32318,0.6429475182767143
32319,0.20059595440690553
32320,0.27450222395771995
32321,0.19767836868829564
32322,0.3033511143454826
32323,0.5499318293938847
32324,0.3509323641290943
32325,0.9184414055882215
32326,0.6285791212437686
32327,0.4708956642314648
32328,0.5086272682317959
32329,0.5853322229349143
32330,0.39532409350376074
32331,0.6252752109781058
32332,0.7784842634156871
32333,0.37624868278272844
32334,0.6465578413234233
32335,0.516360894352952
32336,0.855941862958864
32337,0.8189018344687969
32338,0.7517691499085728
32339,0.2991354415021372
32340,0.5058005570525199
32341,0.609177548237309
32342,0.5625379964279724
32343,0.6658434656107091
32344,0.8032328702921228
32345,0.53237358592449
32346,0.7459821309660298
32347,0.6032055560938183
32348,0.66244393469317
32349,0.8531939602388944
32350,0.7168000118951725
32351,0.8028739638163567
32352,0.6844614071080765
32353,0.7709784637296964
32354,0.6451074124138876
32355,0.26464034624590216
32356,0.6821297979499504
32357,0.566018182096233
32358,0.750885019214176
32359,0.43028531954971927
32360,0.3943898025471581
32361,0.6744086117626102
32362,0.7636993105798552
32363,0.4122332864393896
32364,0.4642304836742535
32365,0.8646261835092276
32366,0.4775718808784156
32367,0.406200481255504
32368,0.5850071104971428
32369,0.39618262847232155
32370,0.7663073562689293
32371,0.7164120766543934
32372,0.6876917382789421
32373,0.5364920505128463
32374,0.8133582380415788
32375,0.7205146750281741
32376,0.6448829677515687
32377,0.6600990415457939
32378,0.7508575082073001
32379,0.8053218613625017
32380,0.2754229070084627
32381,0.17909546808738513
32382,0.7344933142838157
32383,0.41605534876202965
32384,0.7479401827096779
32385,0.32705661229143607
32386,0.2516431550440801
32387,0.38107576319221187
32388,0.608664041154602
32389,0.28614799435578314
32390,0.20988596327773712
32391,0.2486738961946166
32392,0.6619017831414218
32393,0.535733522224932
32394,0.37177508461016906
32395,0.7335068859953945
32396,0.234383585937222
32397,0.4815018088430142
32398,0.18897475684776815
32399,0.5235378154077036
32400,0.6040976299052963
32401,0.4111596003197622
32402,0.7821991035213045
32403,0.5174138903291415
32404,0.6916647747427996
32405,0.7387337207390827
32406,0.6691267649307524
32407,0.4585381732736358
32408,0.8198119983050621
32409,0.758289376208268
32410,0.7169544356937941
32411,0.6686496499930525
32412,0.7093182209639823
32413,0.6394199908507464
32414,0.28115189567926796
32415,0.6890621430327095
32416,0.7912224788155557
32417,0.6566613287054832
32418,0.5873972925252289
32419,0.34410566883677274
32420,0.43388609510635523
32421,0.6786571485451549
32422,0.571466356999034
32423,0.7543101620486049
32424,0.7469913467366682
32425,0.6318648952140167
32426,0.7354544187421512
32427,0.6662513813151497
32428,0.6311178817125195
32429,0.464258881920315
32430,0.25673445121785066
32431,0.40280723402176494
32432,0.7091982579108836
32433,0.7393652891701483
32434,0.3558676314388925
32435,0.7711407301365182
32436,0.7695522720031045
32437,0.42906413382803865
32438,0.3920925598255513
32439,0.5134621525598531
32440,0.44690675498600557
32441,0.25318144937658266
32442,0.6402881041086713
32443,0.25011992952292966
32444,0.7104208261288689
32445,0.6971784158291552
32446,0.24192087191691322
32447,0.19839919508440015
32448,0.3468456453563886
32449,0.5571704112427982
32450,0.37823509255176985
32451,0.7097170898430194
32452,0.5465776810334255
32453,0.8884138033231566
32454,0.7100303425247222
32455,0.5506353558331383
32456,0.8680338577380041
32457,0.8419710166671732
32458,0.7632568787691693
32459,0.18265354415366464
32460,0.5268085353429273
32461,0.44484483733832425
32462,0.4884208001990762
32463,0.1567951950485025
32464,0.38969313345648054
32465,0.3735659327344129
32466,0.19456802875323226
32467,0.1899078710601329
32468,0.5902123941862453
32469,0.2532080561608254
32470,0.4024327875470786
32471,0.5193583082296137
32472,0.42774488228877283
32473,0.7534497604690845
32474,0.21931325215988928
32475,0.20198747281715748
32476,0.19615923537550595
32477,0.22861068607574744
32478,0.3130144947447601
32479,0.6740022613155869
32480,0.2787714877351842
32481,0.7341850735972655
32482,0.3286251397590657
32483,0.744702138814439
32484,0.2847816836935454
32485,0.17673468251945582
32486,0.2200256418150517
32487,0.25548658662526175
32488,0.5227512052614086
32489,0.4806146008869857
32490,0.2844866399941126
32491,0.602754755535052
32492,0.2656167827322692
32493,0.7127027272191873
32494,0.6569725663323833
32495,0.7209370705508956
32496,0.3535635070837553
32497,0.3536461224424553
32498,0.15584852265033416
32499,0.14348602382559686
32500,0.21385673673112887
32501,0.27528039175150637
32502,0.3550791734313945
32503,0.9398130598776487
32504,0.6591687666858153
32505,0.6991853586531263
32506,0.5132742754064945
32507,0.3650841975322116
32508,0.5931685634872077
32509,0.4766419513590387
32510,0.6524305230320591
32511,0.7426440271458423
32512,0.8849538310645672
32513,0.37622271808523056
32514,0.8637116524717621
32515,0.33631015095003913
32516,0.2951750133890423
32517,0.3896066681393567
32518,0.7091484917180045
32519,0.5974965950777558
32520,0.7438931699493001
32521,0.7876088176712666
32522,0.47086267605967635
32523,0.8031884626577263
32524,0.43744873810049206
32525,0.7662575693711655
32526,0.5899011867400169
32527,0.23857961458828392
32528,0.27313624906453604
32529,0.497548112832366
32530,0.6572805607117153
32531,0.2156151246557735
32532,0.45337132860084184
32533,0.7242549243005106
32534,0.8253680212489525
32535,0.6646029621423463
32536,0.4746919599182545
32537,0.6933976907585034
32538,0.30499983023913896
32539,0.545382119945103
32540,0.7046494882934404
32541,0.5608654855727682
32542,0.7749568296431564
32543,0.5622596553552109
32544,0.8301135521080372
32545,0.5616049220681981
32546,0.3352675705178628
32547,0.2724243097067487
32548,0.2652271562122575
32549,0.7843743242146969
32550,0.2737213699500886
32551,0.601700305909555
32552,0.2557053708395738
32553,0.21232659852028526
32554,0.45721682539365804
32555,0.428081252329716
32556,0.7132901915143711
32557,0.17874356476435416
32558,0.40838844617911685
32559,0.3006595936726885
32560,0.29834649437435506
32561,0.6176996870842542
32562,0.18012421261586908
32563,0.6579291767052703
32564,0.6627024810790579
32565,0.7756545085754785
32566,0.3635013395087407
32567,0.35736260131698255
32568,0.3415371948667095
32569,0.5238267592441932
32570,0.2346376010635998
32571,0.35939105292625195
32572,0.21616449176629043
32573,0.8163413729430758
32574,0.4167466504896757
32575,0.2927733260290881
32576,0.5934159997089649
32577,0.459696298625317
32578,0.3250939450678628
32579,0.44635474645673406
32580,0.49831064802199854
32581,0.24025748017681248
32582,0.86727911311619
32583,0.5026460648086115
32584,0.23606941184288263
32585,0.24383835467506831
32586,0.2821102595666631
32587,0.2181391706477884
32588,0.7537790777719142
32589,0.2593000667743704
32590,0.5890755797020991
32591,0.7084487198031336
32592,0.5097629741070755
32593,0.5878127670141046
32594,0.7896897081948907
32595,0.6156791104102374
32596,0.3379782278281334
32597,0.6517029508325988
32598,0.4254469137944898
32599,0.3446021351495459
32600,0.7102593642284624
32601,0.6564322440754364
32602,0.6155909928885905
32603,0.23933655929559838
32604,0.27158342234005656
32605,0.24498237848747695
32606,0.6473397922732088
32607,0.6813605735829469
32608,0.5270044920637019
32609,0.7382554940412195
32610,0.47842241448183204
32611,0.2694573707589136
32612,0.7946637737500245
32613,0.4356013562261538
32614,0.3376972255420855
32615,0.8615021098360741
32616,0.8813408019047939
32617,0.3171550932543846
32618,0.14734690961380514
32619,0.29985357427059095
32620,0.789244803099497
32621,0.29184974960973165
32622,0.5366133613214807
32623,0.4671949841566637
32624,0.40432271218659194
32625,0.14352334518598048
32626,0.7133089985117025
32627,0.29284168950021755
32628,0.29655208979146797
32629,0.3352347641357516
32630,0.5327700810055165
32631,0.7191909306199796
32632,0.31232536871619654
32633,0.8304193899574366
32634,0.7935955997520061
32635,0.756073046254456
32636,0.7944342724956772
32637,0.7969984743767123
32638,0.7173585245093265
32639,0.7796001089679758
32640,0.2589531403287707
32641,0.5814785102536447
32642,0.46082990142434627
32643,0.42211963633998517
32644,0.7610155009009176
32645,0.30074282167153965
32646,0.7776396001872818
32647,0.7145264661310216
32648,0.533959092954894
32649,0.71913435199788
32650,0.2604749153109088
32651,0.46837501955903216
32652,0.6210478611045062
32653,0.4157425468818876
32654,0.6822968701692791
32655,0.2496507165182282
32656,0.4149276788740332
32657,0.5984227480721354
32658,0.2620460176152976
32659,0.4643630772784514
32660,0.875287229467453
32661,0.8278224919819503
32662,0.8387470835124416
32663,0.6753255705585005
32664,0.801825003844827
32665,0.8009927372342346
32666,0.38633049191609947
32667,0.7627248981250818
32668,0.8696857703497769
32669,0.6867746009372763
32670,0.7337008173718214
32671,0.8175015962757686
32672,0.7728382123355052
32673,0.5636625474644622
32674,0.4142119566231805
32675,0.4652033665093724
32676,0.48469915924933116
32677,0.7359128588647238
32678,0.48669274773735327
32679,0.4436488291386381
32680,0.34291988218789426
32681,0.6266878244792479
32682,0.6690700205454124
32683,0.6988338243146631
32684,0.8631780549799765
32685,0.8347073397165466
32686,0.5920703641291436
32687,0.8410879227865613
32688,0.3952147437560496
32689,0.6392246260149542
32690,0.3594082334678642
32691,0.6245819379976677
32692,0.5059641400366924
32693,0.7994665894701148
32694,0.8612587787309434
32695,0.385450527893568
32696,0.48637264400219243
32697,0.9188287735342617
32698,0.8470620043563059
32699,0.358082345998577
32700,0.4926093009919646
32701,0.8150031239618399
32702,0.27515054945743933
32703,0.6735680788801165
32704,0.7091691936502902
32705,0.6976496307605489
32706,0.6425270731852416
32707,0.7357165599490678
32708,0.641789373218539
32709,0.725662623133255
32710,0.6343349571970738
32711,0.6893543925987361
32712,0.6704963346595899
32713,0.8140662375971526
32714,0.4120444887494805
32715,0.9437730950630776
32716,0.6496051509427577
32717,0.347536538418832
32718,0.7715108189446636
32719,0.4310150806660428
32720,0.7236209195893232
32721,0.22828118629731267
32722,0.375061426077126
32723,0.18595206232997724
32724,0.23038802261482313
32725,0.31993007752287217
32726,0.6130469913510392
32727,0.49931858582733263
32728,0.570480904494892
32729,0.37351337662238365
32730,0.547437153664003
32731,0.6163182089783494
32732,0.8694624606108443
32733,0.6525276621125597
32734,0.6308387696682658
32735,0.5180851904915739
32736,0.8688524829401417
32737,0.48962173499413847
32738,0.39310841532130664
32739,0.6126070242129906
32740,0.3125817402725318
32741,0.397934229055388
32742,0.5577612681936284
32743,0.6075827498673855
32744,0.6732951829870479
32745,0.6880100486313605
32746,0.6265217777785186
32747,0.24811485108257586
32748,0.4023324589863638
32749,0.7345150336309471
32750,0.7062184336342242
32751,0.17232626235688803
32752,0.24124942121262088
32753,0.18773775953458335
32754,0.45680296528094416
32755,0.3843830899628544
32756,0.7182571594124935
32757,0.7951795658808729
32758,0.3447360230012354
32759,0.29912075143296113
32760,0.4097090944891915
32761,0.6673266736287786
32762,0.5553890016378503
32763,0.48044721473126195
32764,0.5721362557985974
32765,0.13181951961538493
32766,0.7293748308529923
32767,0.6473373776554833
32768,0.5789174929926942
32769,0.6231502739473493
32770,0.6471421027068788
32771,0.4877063350223381
32772,0.6145223694757207
32773,0.493426958091067
32774,0.48757057382429414
32775,0.26695190089321713
32776,0.4535148209775216
32777,0.6891246763811282
32778,0.5193493341374597
32779,0.56501535610537
32780,0.5447816511860085
32781,0.5148861276682692
32782,0.48081196970285944
32783,0.746218346399573
32784,0.5745259908024947
32785,0.7219079673999681
32786,0.2660233335931111
32787,0.40727817021736956
32788,0.4061493326561687
32789,0.6736859906052743
32790,0.22824765644249392
32791,0.17595334801163054
32792,0.36830837704467273
32793,0.6562794687165335
32794,0.23817812320227325
32795,0.8285419701552819
32796,0.6856517721389058
32797,0.24667171800324142
32798,0.37094136540365313
32799,0.6504476024774378
32800,0.6694330245080402
32801,0.2979805662520476
32802,0.21086336777541426
32803,0.33748262117055644
32804,0.7860755508270049
32805,0.6721165778344909
32806,0.8920289065535607
32807,0.6860556672568346
32808,0.4002241086753496
32809,0.405811173195938
32810,0.34219074619757905
32811,0.7042763234318897
32812,0.6886877536328578
32813,0.29507111014566234
32814,0.23653785833070354
32815,0.4978163598148886
32816,0.31529267768594743
32817,0.5737498873479141
32818,0.7601522041308276
32819,0.39287698416514333
32820,0.32030056516115996
32821,0.7008694029754853
32822,0.9085822139436222
32823,0.8432260731111354
32824,0.6284375263601242
32825,0.3204548359545843
32826,0.29223370436398843
32827,0.7039143549334959
32828,0.2796822612329283
32829,0.5083414491232441
32830,0.22751494472414197
32831,0.5604891765721384
32832,0.36411326565487084
32833,0.44287517071748134
32834,0.6547948912074916
32835,0.5058810621095106
32836,0.33591321361597054
32837,0.11194582388668278
32838,0.795905793559801
32839,0.6953033184846534
32840,0.5288993253517793
32841,0.4507354532169358
32842,0.54419878013068
32843,0.2984559071908225
32844,0.6577561964671249
32845,0.5804308878775492
32846,0.3368473909132974
32847,0.31813544349202655
32848,0.675538494683104
32849,0.687286006879666
32850,0.20082925525086676
32851,0.7065011687131663
32852,0.3892249594048102
32853,0.5736701387559006
32854,0.35062240539004763
32855,0.2593915910650289
32856,0.2668637908332929
32857,0.2995600290244068
32858,0.7584121863239751
32859,0.27608373344175713
32860,0.5207543869960276
32861,0.4234957858873452
32862,0.45318530692032755
32863,0.6184162990694436
32864,0.2825579664172221
32865,0.7193488283922359
32866,0.1325924318963147
32867,0.13596001459817056
32868,0.46220430639967464
32869,0.4071938186367556
32870,0.8479516863379222
32871,0.7129179443694779
32872,0.19173301306697385
32873,0.47226524805397785
32874,0.45983259721952635
32875,0.6226617233600594
32876,0.4880027505828249
32877,0.24262881646989493
32878,0.6536210554233133
32879,0.6588142302691209
32880,0.4997884909831396
32881,0.2860546212278604
32882,0.6574642264799285
32883,0.38102382059124834
32884,0.6474459988900965
32885,0.22877181768511193
32886,0.6963494275644062
32887,0.2787495613229476
32888,0.1648440321140651
32889,0.6271824203005638
32890,0.41174612057690685
32891,0.6601973381017616
32892,0.8932397657177856
32893,0.1626918369103043
32894,0.2659411323278768
32895,0.4251336491020768
32896,0.23022769872307974
32897,0.3013812329750485
32898,0.6607938289024082
32899,0.5002610408815918
32900,0.16171953762932556
32901,0.600953150578911
32902,0.7337128083087749
32903,0.7650388380178831
32904,0.844130915915206
32905,0.5794165805904173
32906,0.8258504814173099
32907,0.6971067531524834
32908,0.7275375499622027
32909,0.3869893133169391
32910,0.13665732987178672
32911,0.6086338701335302
32912,0.39033052750034536
32913,0.6014878054901042
32914,0.3992033348645202
32915,0.40584224095078114
32916,0.21912023791738755
32917,0.656201090082736
32918,0.31660258488317455
32919,0.4686869142155612
32920,0.903753755236514
32921,0.3695330942559148
32922,0.4540490295711288
32923,0.7302233404462953
32924,0.46229852369399527
32925,0.15915228034131815
32926,0.2067033573512641
32927,0.19859932191158763
32928,0.28944350760257254
32929,0.5442760773068813
32930,0.8378620236277048
32931,0.7542729283606523
32932,0.4771451397774608
32933,0.37047110929999755
32934,0.30885045842611303
32935,0.3453394307107268
32936,0.17142088483398665
32937,0.5811129004131428
32938,0.2759174131389873
32939,0.3179544161910584
32940,0.7045195474098696
32941,0.5870832915014426
32942,0.5658741550443117
32943,0.15474357251859827
32944,0.29867031157327956
32945,0.5152314917009554
32946,0.6849697307205524
32947,0.7807527192664011
32948,0.6104878794514512
32949,0.6037474906779242
32950,0.3604670624378747
32951,0.7155473892181128
32952,0.31125129842807087
32953,0.21180651445931334
32954,0.6683778849717815
32955,0.7073232276760311
32956,0.49324868872256283
32957,0.7991333581269522
32958,0.6601124609509358
32959,0.39290064071481173
32960,0.23828655843376212
32961,0.5727506394067258
32962,0.7942337196249414
32963,0.4571115197679263
32964,0.5780286748143817
32965,0.6097443348801005
32966,0.4285214103011428
32967,0.2945312695315893
32968,0.6948326147151059
32969,0.4135123272206607
32970,0.762840780880045
32971,0.6936002900521284
32972,0.4880680751709497
32973,0.41603188906275085
32974,0.8481320055610339
32975,0.2725996948653721
32976,0.7060572383621352
32977,0.360816967629169
32978,0.361200118130699
32979,0.785695342863331
32980,0.6043524105536602
32981,0.3840064280060833
32982,0.1785203598190273
32983,0.7137609102007758
32984,0.781735544970755
32985,0.7083880647560437
32986,0.8088647695654836
32987,0.2646197308534579
32988,0.1639736789623718
32989,0.5766629939849285
32990,0.35519088456236136
32991,0.34336754771688516
32992,0.555391186775969
32993,0.5951646083146138
32994,0.556685040980027
32995,0.2895994358240499
32996,0.3784077289216427
32997,0.27788947965661215
32998,0.8478679702322379
32999,0.21412339119338952
33000,0.6661665848537931
33001,0.6936408468143601
33002,0.36656671792876033
33003,0.33209091599331814
33004,0.2584244088616191
33005,0.23237048711439962
33006,0.21613208101778392
33007,0.17489529911725743
33008,0.4707054582214455
33009,0.7773401409129657
33010,0.30802984821703455
33011,0.6302176728233428
33012,0.42840438634445344
33013,0.18710941575276263
33014,0.5210299940750807
33015,0.43893322896159886
33016,0.3559630274633266
33017,0.6420580611681191
33018,0.85125928629941
33019,0.22756473633759267
33020,0.31724017944467103
33021,0.1320287069748183
33022,0.21225994043154492
33023,0.7276412152177932
33024,0.29319725142173186
33025,0.7917532449151585
33026,0.3339089743481619
33027,0.582474052544897
33028,0.5114482270369375
33029,0.717108178656677
33030,0.6481024867643198
33031,0.3240421148584911
33032,0.5494923818550952
33033,0.7665389009039114
33034,0.3842036301904495
33035,0.385832232530305
33036,0.6675539752423675
33037,0.46957322573437144
33038,0.3445595848699413
33039,0.3875476810553892
33040,0.16885704131098472
33041,0.731724507899466
33042,0.6426347025459689
33043,0.22753117074779683
33044,0.48566947539919847
33045,0.4427387626604744
33046,0.329259611422607
33047,0.5961822679756753
33048,0.8519897889497303
33049,0.7368144727378135
33050,0.6166359100204594
33051,0.9042193729693206
33052,0.6117365852853263
33053,0.7439955390762647
33054,0.1695740770394776
33055,0.43795055372915614
33056,0.4703522210763421
33057,0.4526379546210121
33058,0.7408514269484306
33059,0.4767767899147533
33060,0.8026381709966243
33061,0.587783249396577
33062,0.5951064785781254
33063,0.7276719758978987
33064,0.6320443470277122
33065,0.4127332351480007
33066,0.6134639163250104
33067,0.5893418560836192
33068,0.4805511326356737
33069,0.670134179088338
33070,0.3704698513908062
33071,0.30136115890558535
33072,0.5190647751068941
33073,0.34018854534743864
33074,0.3399344336125974
33075,0.7079888144567957
33076,0.4657498213711863
33077,0.25596894225647676
33078,0.3557295643545724
33079,0.22127791335487984
33080,0.9043858622350485
33081,0.8511750427543917
33082,0.6687390511598337
33083,0.7499280776465703
33084,0.6146007774558045
33085,0.8459652778916035
33086,0.3925876357536179
33087,0.5853199208025697
33088,0.34467097329359325
33089,0.8474052828240412
33090,0.8608047822327568
33091,0.6603174543744411
33092,0.7285985275149768
33093,0.4308234637647793
33094,0.8385523455156946
33095,0.46720832437409404
33096,0.8495458049771897
33097,0.8295323137969719
33098,0.47738663428514555
33099,0.7427398529278864
33100,0.6505447108015889
33101,0.793191415322538
33102,0.6393407208325037
33103,0.7801248310145006
33104,0.7216170749548947
33105,0.35700997006088653
33106,0.6112568034132625
33107,0.5563128220515104
33108,0.6900553810639855
33109,0.6553405094926028
33110,0.3236038630711189
33111,0.5742519647271762
33112,0.8390534036339811
33113,0.88925938551233
33114,0.590136241750471
33115,0.9166099282597204
33116,0.47774729214903877
33117,0.8258178826223612
33118,0.5104314689660088
33119,0.39503019110777676
33120,0.7086767867613675
33121,0.5338194543388225
33122,0.7095420252921621
33123,0.7355890953187475
33124,0.699269790799542
33125,0.6566540374049007
33126,0.5662802852081866
33127,0.7230614607710789
33128,0.5461623253897381
33129,0.6705880038033966
33130,0.8871872409611955
33131,0.49649669306952493
33132,0.5530685682433207
33133,0.5628251138670777
33134,0.5932814019494523
33135,0.6227697833549877
33136,0.8398005918082764
33137,0.3448775917356831
33138,0.8326702784180524
33139,0.6107480697996165
33140,0.786120771065761
33141,0.6422173347642073
33142,0.9284522365128983
33143,0.7406804787845825
33144,0.373858657285543
33145,0.7942634738522265
33146,0.34608583647369257
33147,0.6735801690224957
33148,0.1868768146467992
33149,0.3518640830169571
33150,0.22663454760673749
33151,0.4457435449372235
33152,0.2449482894775769
33153,0.3066682664302201
33154,0.4834708174180919
33155,0.5535887431403191
33156,0.5324678103839589
33157,0.47581270477168675
33158,0.6806635239942004
33159,0.4448343717805482
33160,0.2929816385852099
33161,0.561203839306579
33162,0.3967089686481467
33163,0.37891713910991226
33164,0.5609135920563968
33165,0.4111729479056828
33166,0.4429846814812251
33167,0.6805843177486883
33168,0.3237013947394181
33169,0.3295975737237962
33170,0.42355548404307936
33171,0.6239821932287399
33172,0.24801771680834764
33173,0.30114522427557683
33174,0.42242714753955685
33175,0.299652526550589
33176,0.469873022434109
33177,0.7452034203732699
33178,0.23496777835591953
33179,0.48700799449533844
33180,0.578258086240429
33181,0.4658080184215679
33182,0.612373887592831
33183,0.2354348833758793
33184,0.7545057536430977
33185,0.6169749947830878
33186,0.9177693794327102
33187,0.6173652031612251
33188,0.47678479024190534
33189,0.4160425640681397
33190,0.2396349072007557
33191,0.30434507744492495
33192,0.8102062801731347
33193,0.27848830996994783
33194,0.4369510349790813
33195,0.21159844037987033
33196,0.7879953677360936
33197,0.2860285148352119
33198,0.6916941249430947
33199,0.671626126715906
33200,0.3094958427232738
33201,0.6194345515221683
33202,0.2536565330325611
33203,0.736049347754677
33204,0.7999203430852633
33205,0.36546380605897216
33206,0.31039726478239377
33207,0.8492968667887159
33208,0.6305214304477564
33209,0.33434067031201986
33210,0.1912025251288736
33211,0.46557898827071187
33212,0.7375461061513211
33213,0.3226579769720958
33214,0.6202089879620288
33215,0.35172384989307154
33216,0.47586956637873157
33217,0.689825838871451
33218,0.6825705967794815
33219,0.5577514619711345
33220,0.3340010133305983
33221,0.533003349062064
33222,0.7884751206265025
33223,0.729781103351013
33224,0.8595437344413098
33225,0.18720790320502587
33226,0.21256718913027423
33227,0.19830327495091726
33228,0.5351548963377915
33229,0.5023282355934455
33230,0.24168974147937303
33231,0.5882678544194824
33232,0.4878129462318159
33233,0.7315226749223226
33234,0.6739058051354294
33235,0.3674935034649608
33236,0.23544588391731458
33237,0.3975306102966775
33238,0.7601728940434274
33239,0.25080503520044095
33240,0.5364333640698097
33241,0.5363798109702466
33242,0.24233854736885072
33243,0.7008120806881833
33244,0.6436345686087481
33245,0.7506786687480197
33246,0.77717739487568
33247,0.6256050229186629
33248,0.7186952369419554
33249,0.44594045622997514
33250,0.26392736851628334
33251,0.2660189912616897
33252,0.4227422784474669
33253,0.300439248699481
33254,0.5747195760313292
33255,0.21197393312832608
33256,0.8003607742951493
33257,0.5939044160172586
33258,0.6089593717965144
33259,0.42472805521965723
33260,0.6760215110344062
33261,0.5454285952682346
33262,0.3295792147867795
33263,0.40346031315342573
33264,0.2569976442460652
33265,0.6602139165080697
33266,0.36873055023006496
33267,0.7538216505978026
33268,0.1882948477071905
33269,0.3422408918094485
33270,0.5788089924391967
33271,0.5472306728703085
33272,0.4118977639425805
33273,0.7397784579990401
33274,0.24502356874253334
33275,0.37387841968602137
33276,0.7134316523842986
33277,0.7272228268598288
33278,0.422770575612105
33279,0.29631635478886703
33280,0.49256999887064556
33281,0.8100893351641498
33282,0.5653482023041866
33283,0.6125853511669302
33284,0.2605053220009507
33285,0.3411824590587382
33286,0.47582042475395175
33287,0.6859129142298107
33288,0.49584440346388686
33289,0.2625284999349842
33290,0.42587856369539334
33291,0.2630725486373812
33292,0.712783149021047
33293,0.6167099517704562
33294,0.40220256118939035
33295,0.49458879370207137
33296,0.3533389603374506
33297,0.1562252520938209
33298,0.830191998525523
33299,0.2612284837639823
33300,0.3917773521030681
33301,0.7533096857743274
33302,0.5797674680093511
33303,0.284107810294457
33304,0.48961646383883567
33305,0.8559524781752494
33306,0.7403779826398361
33307,0.7961154418626144
33308,0.5883000793872608
33309,0.8266215583629055
33310,0.6275914897792124
33311,0.4629214419315857
33312,0.27163359377392554
33313,0.2184108406160647
33314,0.7772040240331191
33315,0.6640377960135985
33316,0.5965453882812807
33317,0.709520381250737
33318,0.4199354577991733
33319,0.320580345075373
33320,0.5489098651831824
33321,0.3613643309771478
33322,0.3371305669901887
33323,0.691468458523541
33324,0.3491831076071745
33325,0.3279690643877259
33326,0.6073530464347343
33327,0.7244799692753683
33328,0.34257773921306717
33329,0.23448039331987772
33330,0.7593479121863363
33331,0.230571291048645
33332,0.2540208216596289
33333,0.28485028457493067
33334,0.776303264574484
33335,0.5408018370982937
33336,0.5456009239327282
33337,0.7960019284733144
33338,0.3887312579104863
33339,0.7544908276293306
33340,0.47647538002114403
33341,0.7655594941428402
33342,0.7375040267266505
33343,0.3401538976560219
33344,0.5597698762116968
33345,0.45777538053336875
33346,0.5653670500650545
33347,0.7517211919034235
33348,0.24570707284505416
33349,0.4501571469296299
33350,0.6590752023808144
33351,0.7155015987963331
33352,0.1481497586512377
33353,0.18132933403106682
33354,0.26590088290473674
33355,0.3784195567556898
33356,0.6433647268288221
33357,0.46342850897687643
33358,0.6858080960799025
33359,0.46271215723747927
33360,0.24518409959207918
33361,0.5068823725192714
33362,0.6833122737432256
33363,0.2817096573008474
33364,0.19985711991486604
33365,0.31256141438130747
33366,0.6320331805748156
33367,0.14864321350153026
33368,0.40626888376188264
33369,0.6833300122361502
33370,0.5095004439692253
33371,0.2769850906528864
33372,0.8295425278889267
33373,0.5617735608071552
33374,0.508072335970282
33375,0.6943634688993753
33376,0.7102569154162321
33377,0.8568881244729637
33378,0.7656720876987381
33379,0.23182210996714234
33380,0.24442762774767746
33381,0.3226280628391917
33382,0.6987277324988289
33383,0.2342701852837702
33384,0.5035843325795817
33385,0.5209341433651512
33386,0.49316992460083886
33387,0.5792631490184603
33388,0.5654301613184208
33389,0.22790418926059666
33390,0.5013204208986517
33391,0.3123409855949455
33392,0.48227493080036216
33393,0.4439449665380585
33394,0.7365770277794055
33395,0.6484626701117759
33396,0.6511134442600764
33397,0.20898791716790122
33398,0.7626275556192649
33399,0.6091074806832125
33400,0.3465961698501706
33401,0.2785716447802869
33402,0.4717817430075301
33403,0.23506367958451563
33404,0.32029591796254653
33405,0.5984401680439381
33406,0.7052145149310082
33407,0.5533197128383389
33408,0.9021455304509944
33409,0.7836161978096107
33410,0.8228603374852459
33411,0.8078928797886058
33412,0.7709923152797188
33413,0.8662272420684062
33414,0.5216281081307205
33415,0.30369378114608514
33416,0.4313477584523251
33417,0.6793017469531444
33418,0.8997497797793829
33419,0.34936134038268907
33420,0.5401796281765612
33421,0.32116671843065475
33422,0.7922330998649252
33423,0.39407359030875455
33424,0.7259519900511956
33425,0.2907924348687982
33426,0.1735893595718592
33427,0.30398215771899867
33428,0.5659882833479402
33429,0.7134074426618507
33430,0.20214132213341063
33431,0.6106422161046623
33432,0.42012160208943705
33433,0.6815856684953014
33434,0.5241188777698478
33435,0.7956720514904466
33436,0.4692264763931408
33437,0.532845261572088
33438,0.49695111638940187
33439,0.3109453817418967
33440,0.24385465476893042
33441,0.33871937831956395
33442,0.7834535665088085
33443,0.4157802401566815
33444,0.16717725947348158
33445,0.5665138979651336
33446,0.39650841269915293
33447,0.8582556462645753
33448,0.8076322546221915
33449,0.3399058858030075
33450,0.2680653148704516
33451,0.31794679717290625
33452,0.308880303035052
33453,0.592911805848983
33454,0.6896402777855347
33455,0.6853746327194509
33456,0.5024620242682829
33457,0.8113595922494123
33458,0.4030163667785755
33459,0.47079434594088354
33460,0.43027065620112936
33461,0.4529443593837452
33462,0.40660479226934915
33463,0.35346150279409055
33464,0.38450352372061636
33465,0.6972698087645752
33466,0.3916248984775509
33467,0.9299892946486594
33468,0.9200039694386446
33469,0.6182770121947883
33470,0.23556514688621696
33471,0.694488054061062
33472,0.6336093221786918
33473,0.6700668407331466
33474,0.22526690171060415
33475,0.8148199153188853
33476,0.2948784902721838
33477,0.7553091248575002
33478,0.49842177330190807
33479,0.279047551715208
33480,0.8132082311475047
33481,0.7308805781240696
33482,0.7677107817191877
33483,0.8240561388472943
33484,0.43658101020262613
33485,0.37747954759367885
33486,0.34296427412091396
33487,0.33921932918713915
33488,0.2826907726530118
33489,0.20426564177838424
33490,0.613856876095247
33491,0.5486815888572562
33492,0.8269134735708179
33493,0.4718548682685464
33494,0.4945596679387342
33495,0.811437743503285
33496,0.23866734737620515
33497,0.8033276637482087
33498,0.37629702103879675
33499,0.26891929470495296
33500,0.25920550078980237
33501,0.3359297003563987
33502,0.2272484184504335
33503,0.7598280257035607
33504,0.5367860239063329
33505,0.19765251407944678
33506,0.4286295363347699
33507,0.46591737398168764
33508,0.8257962297731833
33509,0.7306416013335467
33510,0.806455477844025
33511,0.7957453853790976
33512,0.5338070843152679
33513,0.6608769560400751
33514,0.8288034041643692
33515,0.4148994006165959
33516,0.41981350400535417
33517,0.7518366691465223
33518,0.5555227065832349
33519,0.8971106005165583
33520,0.5194358695710058
33521,0.8101389765858671
33522,0.7363304962503451
33523,0.728074096819277
33524,0.43810083246070053
33525,0.6169554406451152
33526,0.7755324570715759
33527,0.7066472670927509
33528,0.4964477643180107
33529,0.6685171203404251
33530,0.48691332363260414
33531,0.9299977647806738
33532,0.7834116830312354
33533,0.6588280599046075
33534,0.38340934534181936
33535,0.8058284654565387
33536,0.49404012633098926
33537,0.6773757304294789
33538,0.5726040584629577
33539,0.6936906960179293
33540,0.5847497261734356
33541,0.6744185508945015
33542,0.31501064881199253
33543,0.7530598322516684
33544,0.6656593585976697
33545,0.7278655816453152
33546,0.637055764899976
33547,0.6321301882036757
33548,0.6366972021748739
33549,0.650254005908549
33550,0.46384191970619254
33551,0.4649967873828546
33552,0.5424700672635847
33553,0.747879658311088
33554,0.708847219956892
33555,0.6465769311926731
33556,0.5842325237142119
33557,0.7624912920333229
33558,0.5143733025269014
33559,0.6580590190750542
33560,0.9070259585534695
33561,0.5248510694443126
33562,0.4380610707961864
33563,0.5478953358960099
33564,0.7532552362371754
33565,0.3412554464661945
33566,0.32627278361282624
33567,0.7203754458548127
33568,0.665089117288553
33569,0.9374026190689524
33570,0.6062013536473577
33571,0.7234965242030958
33572,0.4090684946684669
33573,0.6465541913764202
33574,0.8607117953440578
33575,0.2976849185897617
33576,0.6491434994866242
33577,0.6935559519021393
33578,0.35772919711549384
33579,0.7604564693138217
33580,0.7325417681530374
33581,0.7913651638129329
33582,0.7112432184443409
33583,0.31772406030966327
33584,0.6511563760289113
33585,0.7290106293567872
33586,0.6464172833614563
33587,0.2853808681185262
33588,0.4293589097719223
33589,0.7902195322624365
33590,0.9168260529655384
33591,0.7895541408403431
33592,0.5390331655508639
33593,0.5461581051409408
33594,0.4333703237499605
33595,0.4904680807690759
33596,0.34031419170033983
33597,0.29537269066172234
33598,0.47273951826908817
33599,0.4770107153566083
33600,0.7236510683527417
33601,0.6034481587151928
33602,0.23898865167460692
33603,0.6470794447381073
33604,0.5473939109671171
33605,0.5690616880518775
33606,0.4390312602162117
33607,0.42549735746030115
33608,0.2610443731195289
33609,0.5562640941852375
33610,0.5130224105676232
33611,0.6050613219880634
33612,0.7084528836514599
33613,0.6327856469836154
33614,0.22944294818200464
33615,0.8044689590624391
33616,0.45677362524717324
33617,0.7027457095702011
33618,0.3945836144456399
33619,0.7155828920873123
33620,0.6301484334567328
33621,0.4784238062567383
33622,0.4704710057831057
33623,0.7000889203391992
33624,0.33476075258429927
33625,0.30244523593057554
33626,0.5528220939884911
33627,0.47826464416870734
33628,0.7114119515950925
33629,0.8146264108048239
33630,0.35569514010029213
33631,0.4543789553086714
33632,0.8838207436365637
33633,0.8004705496218905
33634,0.4626064934496238
33635,0.5914814730544081
33636,0.8954786563064722
33637,0.5739285754192899
33638,0.6137038036517624
33639,0.5613658472996281
33640,0.574496936994575
33641,0.4465014329363733
33642,0.7408374350643114
33643,0.38090598968196315
33644,0.27680049114311767
33645,0.37302653969319044
33646,0.6706833071739352
33647,0.5283196811916949
33648,0.598741696030206
33649,0.20424085712289142
33650,0.4290027408717069
33651,0.6628400495125724
33652,0.6511152397847114
33653,0.825800683334568
33654,0.565810305636644
33655,0.17011576131223716
33656,0.7371674650795567
33657,0.6835588358124609
33658,0.4435499674241169
33659,0.4371650418851009
33660,0.3758899193638793
33661,0.7254146751225895
33662,0.6843434238018018
33663,0.4327033478021522
33664,0.2094716598943112
33665,0.4526804536613323
33666,0.6985445135059932
33667,0.3171356036280751
33668,0.39207577290035145
33669,0.7515010790146311
33670,0.5501255162061988
33671,0.23764306126469067
33672,0.42611099052484824
33673,0.5782377252128511
33674,0.7125334458722079
33675,0.27345452532700415
33676,0.48217813012201843
33677,0.5916921860612976
33678,0.6841099995378067
33679,0.6639442396307893
33680,0.5720031486393403
33681,0.38744952175459957
33682,0.18251828629875097
33683,0.7681097186366832
33684,0.6151388954983368
33685,0.7971157644180173
33686,0.7200963491900544
33687,0.628577131882649
33688,0.731782311173672
33689,0.7754941865540838
33690,0.6926553723873067
33691,0.682844461798246
33692,0.6498629204074785
33693,0.28398766976506506
33694,0.671640509304497
33695,0.6680118485895037
33696,0.17321317540794673
33697,0.21539013909846239
33698,0.5891188516667057
33699,0.2697628538717296
33700,0.2986635486821727
33701,0.7203790947256181
33702,0.63493646773389
33703,0.6492686141688747
33704,0.5727421800064272
33705,0.32898814795258696
33706,0.6564635117850008
33707,0.2603219100538512
33708,0.25387042221948347
33709,0.2235314948711479
33710,0.6939656422958026
33711,0.289184832574284
33712,0.2770667009979293
33713,0.2895402619501558
33714,0.6240349759688458
33715,0.6528472610963894
33716,0.6204829578566482
33717,0.4880519283260302
33718,0.5369905583977318
33719,0.48748219821986866
33720,0.8880526957390094
33721,0.37294366620671715
33722,0.7095642684907031
33723,0.6550398456211737
33724,0.1881751151405552
33725,0.9368871298549336
33726,0.5657609817129002
33727,0.2669069851654547
33728,0.450079571946297
33729,0.5608204600755027
33730,0.2541464020391209
33731,0.19945552130357244
33732,0.48403597666068987
33733,0.7375679905210242
33734,0.7434984223284679
33735,0.2699258738432857
33736,0.16193156173078813
33737,0.47527291108569175
33738,0.35729112046405404
33739,0.21334201657968796
33740,0.7371141359378223
33741,0.6776355771974739
33742,0.4913874780996314
33743,0.23556615882142945
33744,0.43527424403659976
33745,0.2682925475602406
33746,0.25237897764417966
33747,0.8656703701995798
33748,0.3160139430629123
33749,0.6183627351374524
33750,0.4838349161206032
33751,0.5058699509935444
33752,0.29255426942051654
33753,0.65149601112946
33754,0.16774858393510012
33755,0.3154649378961646
33756,0.750485476013588
33757,0.8380580622948423
33758,0.22285295311461814
33759,0.5230379485145916
33760,0.7808524784996856
33761,0.42713134501939254
33762,0.6021516305834318
33763,0.44854610765507075
33764,0.19336725246489564
33765,0.3615818913753356
33766,0.43852349028476456
33767,0.8460119406778763
33768,0.3412573587776613
33769,0.752651632394707
33770,0.507243372939935
33771,0.6522562449021893
33772,0.8669496776911488
33773,0.5043574674078571
33774,0.6743349606217368
33775,0.3186801039388746
33776,0.3281900363578888
33777,0.5063190693122614
33778,0.23201737228386382
33779,0.4136878395308459
33780,0.29128212650474106
33781,0.7359736812111057
33782,0.8138544799173206
33783,0.3134467284200334
33784,0.4583708098556052
33785,0.2202874268688639
33786,0.6647269673238286
33787,0.41347499459036846
33788,0.5835917814143209
33789,0.35819219825421217
33790,0.5752882585970764
33791,0.5665519296164849
33792,0.18157100925644193
33793,0.2545381369876579
33794,0.12267606493525288
33795,0.8275930675674557
33796,0.5200041178054251
33797,0.32668753679931095
33798,0.6253693623966815
33799,0.3742497111153602
33800,0.46335547091533674
33801,0.6338822776413735
33802,0.18979209995164276
33803,0.7599870449675872
33804,0.42203578260968333
33805,0.7622822323782688
33806,0.6110185108008228
33807,0.25410756028831355
33808,0.3989044942460973
33809,0.2551653859243725
33810,0.6043895300768868
33811,0.3012386358232628
33812,0.3617508209594803
33813,0.22138490069046216
33814,0.4516128146445714
33815,0.6118315785582213
33816,0.6451990403717616
33817,0.5623657882128995
33818,0.42139498752342675
33819,0.5347495923874142
33820,0.23637980390251456
33821,0.30918258746306315
33822,0.7059171423851358
33823,0.7902484367334085
33824,0.8744697436158607
33825,0.5626083451521516
33826,0.8260646232377638
33827,0.36767059511446526
33828,0.5099743082352599
33829,0.4783067507653
33830,0.2369110688261077
33831,0.2745918749983999
33832,0.18546210134656407
33833,0.7674045532441817
33834,0.4748511872244959
33835,0.29581123029478323
33836,0.7912945421150215
33837,0.7947725331081789
33838,0.5814872874724274
33839,0.5042255669964786
33840,0.7128709690195238
33841,0.7712378424616511
33842,0.33098233560525614
33843,0.5223150739478113
33844,0.49001988578931627
33845,0.7403323379842051
33846,0.6306105907801284
33847,0.14124285595055516
33848,0.2130172870214985
33849,0.30596024657536713
33850,0.1484589941172276
33851,0.858135552581963
33852,0.41055423610361663
33853,0.8088158882597044
33854,0.31000266203885896
33855,0.7079362785794475
33856,0.641540347565851
33857,0.5896417302727773
33858,0.2518696799639832
33859,0.23761360378486004
33860,0.452691288903873
33861,0.39264496372534885
33862,0.6245554690558195
33863,0.31128023408146205
33864,0.3992179207668602
33865,0.6517321422609949
33866,0.35495425746425663
33867,0.4385917271232139
33868,0.3547592105990438
33869,0.7740220350524921
33870,0.18789765191910662
33871,0.7817414516167589
33872,0.5526113568570602
33873,0.2930764238956617
33874,0.5703748503654441
33875,0.26262762355068947
33876,0.44502372686325015
33877,0.19402605559933706
33878,0.7060421339271806
33879,0.7567506334818652
33880,0.5926130731682063
33881,0.5536469512021602
33882,0.7029747215115212
33883,0.5959611641625789
33884,0.274009511489178
33885,0.4548390560193329
33886,0.3324381851469777
33887,0.23990397161618618
33888,0.5237284650575313
33889,0.2595959336913411
33890,0.5325850256104001
33891,0.5803800086147459
33892,0.5960446821243395
33893,0.7068079761364774
33894,0.34692506744114454
33895,0.760187764506851
33896,0.7970133636823825
33897,0.36560275204873693
33898,0.3536906341549561
33899,0.38396329901892745
33900,0.3674357504626335
33901,0.37656130384582864
33902,0.4963286972220817
33903,0.5669000176973332
33904,0.6735127076246963
33905,0.44212699353442364
33906,0.5570757522579487
33907,0.48686358027504656
33908,0.44304046275280506
33909,0.5559818120192558
33910,0.6656761979959283
33911,0.6802025907280808
33912,0.5795187651700218
33913,0.25001213292759417
33914,0.510059764502465
33915,0.3239230286761546
33916,0.5710762446968122
33917,0.2982716340219677
33918,0.3166840384564913
33919,0.7229121713313517
33920,0.39982633945549023
33921,0.3412598688199396
33922,0.7953345296293111
33923,0.4692757249870612
33924,0.48615072722120534
33925,0.2561584100055726
33926,0.4627903012045514
33927,0.3402294667492748
33928,0.4825010306214493
33929,0.6381385516988962
33930,0.7506759534328156
33931,0.4172726522930215
33932,0.39290408116840847
33933,0.20653345986072721
33934,0.6134795844650094
33935,0.7754045682722598
33936,0.16449452775298015
33937,0.3898895097204232
33938,0.736911072093777
33939,0.8527760121932512
33940,0.7761407355922729
33941,0.29785890956229405
33942,0.7029979338100147
33943,0.904197702488909
33944,0.31670519195859376
33945,0.3148217588501681
33946,0.41255007464877197
33947,0.4122733080800356
33948,0.6202294376868668
33949,0.40695166514007375
33950,0.39639362078282264
33951,0.6309540207744205
33952,0.768295569610436
33953,0.7368908134088832
33954,0.23912150717439293
33955,0.761590109495153
33956,0.4074776358422009
33957,0.2119753039717879
33958,0.23407346679953805
33959,0.7442736771452262
33960,0.7825551317133548
33961,0.4500868459737172
33962,0.635726318836162
33963,0.42628328895611056
33964,0.8224441494824675
33965,0.6447208352332514
33966,0.2917768095477301
33967,0.3999117964140969
33968,0.5857178907295366
33969,0.9079938165936333
33970,0.6749819979045176
33971,0.8535622202867406
33972,0.6789664785040416
33973,0.8351477752275698
33974,0.4684541266371589
33975,0.8324806237949526
33976,0.7332974881034778
33977,0.7871748702297813
33978,0.9095019705399615
33979,0.5009470459069766
33980,0.7204772724769567
33981,0.814232820648475
33982,0.5727852060226388
33983,0.632080843607914
33984,0.5952566175023635
33985,0.5664418384869598
33986,0.8041965868692418
33987,0.7920114401877786
33988,0.4241470543867021
33989,0.7805937375787565
33990,0.5831377012290435
33991,0.39287111036008904
33992,0.8305053504248471
33993,0.9320669971126168
33994,0.5846593185233412
33995,0.7742386078307506
33996,0.8474056717065831
33997,0.4876802785697005
33998,0.6060114540986216
33999,0.6983499646159373
34000,0.6727494734497167
34001,0.5807918843629795
34002,0.3825620367438974
34003,0.8340318060352012
34004,0.8061066410020219
34005,0.426958017253899
34006,0.38823415343914786
34007,0.6445700771604171
34008,0.6771903212002622
34009,0.6588066376757011
34010,0.6847307334542906
34011,0.6389062453343242
34012,0.3974979202294284
34013,0.7789582739585601
34014,0.6565152013891792
34015,0.8368552256038451
34016,0.8414920282228967
34017,0.7688694351716427
34018,0.5174629450878503
34019,0.4870719913569511
34020,0.6497959459419757
34021,0.640804177899253
34022,0.752455654461755
34023,0.5230039666727604
34024,0.5762186226944237
34025,0.7771540159899946
34026,0.6916792063617815
34027,0.5639734411596755
34028,0.29083466890052373
34029,0.5704359926698976
34030,0.45587773719208274
34031,0.21460245698678782
34032,0.7334976265474468
34033,0.3143963478550992
34034,0.48462331279266346
34035,0.6443052041036371
34036,0.6352755595233394
34037,0.730935022308943
34038,0.25052578840432976
34039,0.6314879218762077
34040,0.5597565171138046
34041,0.6218891320854523
34042,0.49187547684325533
34043,0.3560352649812585
34044,0.2577760262648202
34045,0.28456423998115044
34046,0.48407437245536883
34047,0.26089416099492774
34048,0.21492988297154583
34049,0.17502370021701985
34050,0.6907433359214142
34051,0.6672731859389207
34052,0.756764030273941
34053,0.380418880426064
34054,0.5701997177749951
34055,0.2043297512773101
34056,0.37284787495509897
34057,0.552247248698657
34058,0.6005674727409721
34059,0.2659344530892527
34060,0.5899111043945497
34061,0.459771894328089
34062,0.6771059646690749
34063,0.8110932412429686
34064,0.7641673842675623
34065,0.35460592358181814
34066,0.9063280775464431
34067,0.26807093755352024
34068,0.5747466006265161
34069,0.4387642892211044
34070,0.7423074720413192
34071,0.658128835891333
34072,0.42578369859147297
34073,0.6101840243322039
34074,0.7375748365484512
34075,0.2827989651645009
34076,0.530850228460192
34077,0.28414305547532087
34078,0.25452793723998096
34079,0.6835649784437879
34080,0.758798306931892
34081,0.6696118011240174
34082,0.4035200080433981
34083,0.4043579717143333
34084,0.3590454711691763
34085,0.5966739152009236
34086,0.6566187413545662
34087,0.5529082909261442
34088,0.840790569353612
34089,0.35840245482070354
34090,0.26456505930535806
34091,0.3150737079504987
34092,0.4778460324813413
34093,0.3352381770927436
34094,0.6289008536585601
34095,0.1639681250060516
34096,0.4755036241886991
34097,0.5081757236219966
34098,0.3850569961676248
34099,0.5106348234229241
34100,0.3601409335418635
34101,0.6058572349448298
34102,0.256689482547054
34103,0.555086612268117
34104,0.4991144853356116
34105,0.5648458314658047
34106,0.6508230976898145
34107,0.3341425662042893
34108,0.9125613231989143
34109,0.21271214106190015
34110,0.80183529966396
34111,0.6840580045851679
34112,0.5290833589767364
34113,0.3259610038098083
34114,0.5640492849848554
34115,0.3083038767168224
34116,0.5792689074541193
34117,0.520482496394289
34118,0.6850027638322965
34119,0.5758176251093807
34120,0.6045332976194641
34121,0.5474443371149282
34122,0.21415770881739446
34123,0.37358281848376784
34124,0.23005599117743153
34125,0.7123699695867874
34126,0.6036656790672903
34127,0.8394347378904135
34128,0.2252900599748492
34129,0.19089870800289277
34130,0.22444397072117608
34131,0.6063441770185674
34132,0.3853665040203858
34133,0.6006027715931695
34134,0.7308917332398467
34135,0.7509922396220946
34136,0.7792656788999127
34137,0.7115483713407436
34138,0.5376431680722982
34139,0.3262683274521991
34140,0.3847015686088469
34141,0.4584860698523986
34142,0.5926870393662186
34143,0.26586304661908333
34144,0.6830478947973364
34145,0.6552693313830192
34146,0.712412783992854
34147,0.23857363407445895
34148,0.6709116948086017
34149,0.465633248629907
34150,0.34523835092411537
34151,0.37059306152135585
34152,0.7020858051834132
34153,0.3320159871657557
34154,0.4572460554256833
34155,0.2162000391122898
34156,0.14915356385331296
34157,0.26743464848301524
34158,0.7878757350459056
34159,0.5174965435268135
34160,0.5752071121304015
34161,0.4438433231723592
34162,0.3327493753233375
34163,0.26588062607343044
34164,0.2250378401613094
34165,0.6322433761282951
34166,0.43016767751956686
34167,0.3884087943383491
34168,0.37183880319391194
34169,0.49668350576881526
34170,0.31856629778225815
34171,0.28990869451721285
34172,0.16863823225900626
34173,0.49452625056813265
34174,0.3249249754897119
34175,0.244821502948285
34176,0.2844788123865174
34177,0.7693255507917655
34178,0.5816781477815675
34179,0.5359233988155397
34180,0.908195805443663
34181,0.23006509068689945
34182,0.177909836927784
34183,0.12147785732748893
34184,0.4954283357119933
34185,0.70969439109831
34186,0.4998855532634317
34187,0.24589474686959023
34188,0.7622331109426119
34189,0.6761589567284015
34190,0.2633958778343768
34191,0.5963888452427017
34192,0.23314587303476067
34193,0.5323726393656123
34194,0.36892600931184766
34195,0.258315526428269
34196,0.8644381526962872
34197,0.6895850841587068
34198,0.1968251136608459
34199,0.33030849791709466
34200,0.21503875597635638
34201,0.7040491034749697
34202,0.9093262503506587
34203,0.4438472565436453
34204,0.4279643731701948
34205,0.5125662567297455
34206,0.5883119354069882
34207,0.4756782433092926
34208,0.292361990518608
34209,0.2447970324545919
34210,0.18277789476819728
34211,0.3943661606867524
34212,0.19354350499544384
34213,0.27342438621166065
34214,0.17282020406582255
34215,0.3275207017910846
34216,0.639938801211858
34217,0.30027523908538695
34218,0.1816900078411503
34219,0.6836410467101987
34220,0.40730189658009
34221,0.14035838722919644
34222,0.4977988896421678
34223,0.46315654870658496
34224,0.6113897519484354
34225,0.477101441014272
34226,0.6609811251109747
34227,0.7619848797872355
34228,0.529675916842329
34229,0.5254584858013704
34230,0.6307108740354166
34231,0.5086216332631498
34232,0.6420658273231306
34233,0.6268664520965825
34234,0.3601840625704082
34235,0.14771694606813665
34236,0.5006219782259983
34237,0.623113625166351
34238,0.33290904201855964
34239,0.4854882971889746
34240,0.2710491685700472
34241,0.5636706959888673
34242,0.4978940463438601
34243,0.3118660855486253
34244,0.3679396332031274
34245,0.5901146186596418
34246,0.25245881542460463
34247,0.3913844770479258
34248,0.27777418090162953
34249,0.5308344229752622
34250,0.1932351438777063
34251,0.3457356018255423
34252,0.2651349039597148
34253,0.5526705235663081
34254,0.5769115106402531
34255,0.3470572247439905
34256,0.7091462234690148
34257,0.7769574448082356
34258,0.4764049779760276
34259,0.6430668394025384
34260,0.6843706021818395
34261,0.6843649473006592
34262,0.37474146513984197
34263,0.5851931235720444
34264,0.4270432505854664
34265,0.6154719410013678
34266,0.6312046697942267
34267,0.25653103522312243
34268,0.53386448227563
34269,0.2611774394348081
34270,0.24336749008760733
34271,0.2789550091780405
34272,0.6254428963700479
34273,0.31727563635619704
34274,0.6045723743161923
34275,0.6253435571612803
34276,0.22238859167225705
34277,0.5665399393231285
34278,0.4168015253662272
34279,0.5512169973275828
34280,0.2689876871155125
34281,0.6674377192787644
34282,0.3535238291240124
34283,0.2633647136360055
34284,0.45799717019757713
34285,0.2269658580826712
34286,0.3081211551265036
34287,0.7115253343139237
34288,0.25102831773401374
34289,0.4089360036916292
34290,0.7180732916828729
34291,0.3736799441258565
34292,0.6854016817923786
34293,0.23809751879370447
34294,0.4570219657059148
34295,0.29727091824067714
34296,0.30561134933786616
34297,0.6059582647033103
34298,0.48245394971341676
34299,0.3439051739798596
34300,0.6727585642938976
34301,0.8864413701973894
34302,0.15435188402566496
34303,0.22692940405240253
34304,0.2777307931390904
34305,0.3023333668650233
34306,0.6491399532194126
34307,0.40426778189850215
34308,0.9043631609006182
34309,0.2923172263420514
34310,0.7098613148569375
34311,0.5941559718617835
34312,0.46318604137701036
34313,0.5098928247543625
34314,0.7443545954046057
34315,0.7151561222638337
34316,0.5833901229337684
34317,0.4992178680245896
34318,0.7454086738804921
34319,0.6099841675444396
34320,0.36404114777440844
34321,0.4386119208307733
34322,0.5270636757062336
34323,0.3026151103775402
34324,0.5011815467972841
34325,0.7359502207197499
34326,0.45771414071333694
34327,0.30051975439003203
34328,0.37075701900166186
34329,0.2925457046854242
34330,0.47509533060827125
34331,0.5805767338550155
34332,0.4144189147009254
34333,0.29022651705288677
34334,0.38034965912043894
34335,0.3186089985376069
34336,0.3544215119879905
34337,0.6267977758397019
34338,0.6559148521561631
34339,0.5483526944263281
34340,0.4192806797437131
34341,0.5029874979373706
34342,0.6910098129131358
34343,0.3123940898737341
34344,0.579959722473776
34345,0.7324073026245668
34346,0.44281674784851927
34347,0.323156084851282
34348,0.40039748397501407
34349,0.3941997235462144
34350,0.435820983880389
34351,0.7244064272841502
34352,0.5394997089054971
34353,0.6526472165941262
34354,0.26842385056176954
34355,0.5325929429980081
34356,0.5141661069201523
34357,0.28407551134203124
34358,0.5042634436784617
34359,0.47143206583196084
34360,0.7261706559309234
34361,0.4734506329013653
34362,0.1730234566300254
34363,0.7589122663665836
34364,0.2522369300339277
34365,0.45360414748714867
34366,0.6533673378717776
34367,0.3124765331232699
34368,0.6264320155712945
34369,0.4090673435373358
34370,0.24976578746559203
34371,0.535348038258272
34372,0.15767263460317912
34373,0.6121151242510932
34374,0.5973536458850812
34375,0.4256236705834002
34376,0.41175507171392434
34377,0.4153352576607586
34378,0.4888703926508796
34379,0.7180809218555996
34380,0.3454887795909966
34381,0.30286071261302067
34382,0.16665922648491346
34383,0.33430712204471674
34384,0.4458671831566044
34385,0.42400299724757673
34386,0.8591960712999162
34387,0.18044810750464244
34388,0.8149048400241151
34389,0.6373943119929377
34390,0.35679397271527985
34391,0.35020740920595356
34392,0.35926528522618684
34393,0.24613697487167246
34394,0.4316076220945303
34395,0.47414568861625156
34396,0.6147241967004048
34397,0.29071125327176595
34398,0.4160059181648504
34399,0.45559168762587676
34400,0.18003350287084244
34401,0.2547500234561832
34402,0.5277315810260779
34403,0.8257407964928615
34404,0.7968771747919123
34405,0.7863069664369339
34406,0.3707834242923803
34407,0.30728508406847266
34408,0.5228737556316982
34409,0.3091551382784239
34410,0.53707868543976
34411,0.5333115239640849
34412,0.4605260743246602
34413,0.282174015265269
34414,0.2687450099922297
34415,0.4548189026922478
34416,0.3915239237287809
34417,0.21691710697698555
34418,0.895570982291967
34419,0.37890225138002126
34420,0.6914184823657219
34421,0.39651225370931
34422,0.309397653526335
34423,0.5884259283403235
34424,0.5469516010597918
34425,0.6888750622300052
34426,0.829922948268301
34427,0.5506631770374376
34428,0.8179202982022499
34429,0.5131283156227375
34430,0.5846291502857389
34431,0.5094360863210821
34432,0.288837061727799
34433,0.46037992034351055
34434,0.4746807944514028
34435,0.31870911845676936
34436,0.8062057290927696
34437,0.6319811017808341
34438,0.7089958236780921
34439,0.4305195300950732
34440,0.26208682040719605
34441,0.401905744374065
34442,0.7185515736834973
34443,0.4099801858305607
34444,0.2411392550652445
34445,0.4110870514515426
34446,0.27931097662203075
34447,0.7219706348537265
34448,0.7714707284613864
34449,0.38129263090147336
34450,0.26250701073114935
34451,0.6860299613529931
34452,0.6395217727130011
34453,0.36797307008215985
34454,0.6653622765282758
34455,0.7401975705054639
34456,0.44989673312990025
34457,0.21708801310716672
34458,0.7373702996813276
34459,0.4521149702843263
34460,0.8205429358759129
34461,0.6720720894375165
34462,0.8545538513384756
34463,0.9302285410369753
34464,0.8281125450015422
34465,0.5663209562318948
34466,0.41376299040487513
34467,0.5464276244152625
34468,0.9582922259156252
34469,0.8090960320300448
34470,0.7124962853812653
34471,0.6665875508772274
34472,0.8669632049908002
34473,0.4960491110613469
34474,0.726012769550907
34475,0.6829093825208485
34476,0.812745534990902
34477,0.7208337950598699
34478,0.8073661914048854
34479,0.8476945389477278
34480,0.7083479646745281
34481,0.43810509151411087
34482,0.7316992625182752
34483,0.9035019112103954
34484,0.6666908742025411
34485,0.7683876069404061
34486,0.7121570089716667
34487,0.5335183333470513
34488,0.884393662421664
34489,0.7985526148349293
34490,0.6537772652486721
34491,0.9100886675702625
34492,0.7713220005040796
34493,0.7790968121888787
34494,0.3910748580178939
34495,0.49087062676603804
34496,0.2715724637682442
34497,0.6938321022502341
34498,0.6742319921739526
34499,0.498517380642846
34500,0.6851587392497706
34501,0.7742895588226119
34502,0.5521404062835168
34503,0.7021568451795008
34504,0.7033691215987184
34505,0.5226887428477194
34506,0.5858858880292639
34507,0.5169595048617512
34508,0.7669170085223495
34509,0.5379708763773206
34510,0.5575421046339338
34511,0.8507198866097
34512,0.5343122499039702
34513,0.8152888554573361
34514,0.6248843625643739
34515,0.6770394137348669
34516,0.8474832510906058
34517,0.6063282270756006
34518,0.5131260445110275
34519,0.730549715511088
34520,0.49842119002058277
34521,0.7909229368620222
34522,0.2782967387128712
34523,0.3476685425666898
34524,0.4263658343304009
34525,0.23104884006152668
34526,0.4258114278842041
34527,0.7369222039121603
34528,0.6596158085691125
34529,0.3564429467260461
34530,0.6799389807021625
34531,0.23173255385949237
34532,0.3520974822917365
34533,0.5041388126248448
34534,0.6563179386983287
34535,0.20327676282381868
34536,0.23083341986368758
34537,0.6903108958921532
34538,0.38505208317501455
34539,0.16840432751363224
34540,0.7256904234834635
34541,0.5318250971829636
34542,0.5371584675283303
34543,0.5289517387671544
34544,0.24502374037552446
34545,0.3792429520823596
34546,0.3240790317068922
34547,0.6488251024765839
34548,0.4943211386755702
34549,0.8969860059769295
34550,0.6168314924342447
34551,0.469427610111309
34552,0.5187239112433182
34553,0.21632305125387813
34554,0.20535604120323672
34555,0.37985423471447005
34556,0.6279436376631058
34557,0.272982417466375
34558,0.36828905828978103
34559,0.2829978929881458
34560,0.8350884460084198
34561,0.21577306856790598
34562,0.623202660492256
34563,0.6908632865572987
34564,0.6348443538563502
34565,0.9023587943740423
34566,0.5453422051904259
34567,0.42583227687400566
34568,0.2830496846047837
34569,0.46240981401666575
34570,0.6023438846381396
34571,0.5578407483293113
34572,0.21403153324243612
34573,0.2345034149707351
34574,0.2744002887125704
34575,0.8738195116349932
34576,0.36510625181778955
34577,0.3621298252343567
34578,0.7825076315789002
34579,0.532857651972408
34580,0.4538930616966831
34581,0.17623444363260493
34582,0.41912028478801533
34583,0.5145716428474576
34584,0.2683412434422155
34585,0.6371429355124073
34586,0.2622603301903864
34587,0.23693527102765383
34588,0.4718030369716569
34589,0.594494614272333
34590,0.37044709944770104
34591,0.3842143462117834
34592,0.564415487700298
34593,0.8029632642366317
34594,0.40600891549646007
34595,0.3125257967116751
34596,0.7224893243083811
34597,0.5989548205541199
34598,0.45277377828639176
34599,0.5443307867738651
34600,0.2721652320440052
34601,0.6375548821953619
34602,0.6988081903071691
34603,0.5872518344266388
34604,0.4722246068532896
34605,0.5559891680816952
34606,0.6044334896921133
34607,0.4874738821995662
34608,0.6600318526126275
34609,0.6658653507189967
34610,0.30708300354353874
34611,0.31118273305857663
34612,0.640699194413802
34613,0.21760236628352414
34614,0.39410916854158695
34615,0.35457726424339725
34616,0.3722846201645427
34617,0.2746968736453149
34618,0.3406421203662308
34619,0.426753218938347
34620,0.13455797106685408
34621,0.7245998049795845
34622,0.49485488774327496
34623,0.4995184784495376
34624,0.4879687990530403
34625,0.24223196266244
34626,0.4934079646808309
34627,0.38104104740102385
34628,0.6323472970947254
34629,0.34283912878372097
34630,0.27986569079991697
34631,0.2905700421219826
34632,0.5944745224404395
34633,0.7388209687748649
34634,0.4159069540517867
34635,0.4040572218797367
34636,0.5088821319768967
34637,0.17306531713177803
34638,0.24844928417697587
34639,0.621335517276575
34640,0.3026923819267169
34641,0.3263520880709294
34642,0.3446714034934991
34643,0.31737948498652313
34644,0.8243305258716347
34645,0.8081992762216051
34646,0.6281481638882164
34647,0.53412264102726
34648,0.2906121770061787
34649,0.4486352505387175
34650,0.7129178367052212
34651,0.46531911879795224
34652,0.6366053379887863
34653,0.2829864630758583
34654,0.3772433146848922
34655,0.1908781701553464
34656,0.25478061179209804
34657,0.2758126816630642
34658,0.4947630957944805
34659,0.36123770635690866
34660,0.715715869656565
34661,0.6618694822466532
34662,0.2143268500274476
34663,0.2916789813952619
34664,0.4807208756831623
34665,0.3576667795135574
34666,0.5952302663519929
34667,0.5927329774015873
34668,0.5667545556799364
34669,0.38586818456420785
34670,0.26783878429754954
34671,0.5552196202924062
34672,0.7201252017005456
34673,0.7810518672768322
34674,0.4833944245072581
34675,0.4930922388743104
34676,0.23578036771913477
34677,0.7315743728199516
34678,0.6486344795883328
34679,0.6971460825416768
34680,0.3484474177772444
34681,0.19229987568532594
34682,0.2932676629501519
34683,0.24594968461960082
34684,0.6540080991894094
34685,0.680588103905614
34686,0.648200511919145
34687,0.39265220569345527
34688,0.7488772372699993
34689,0.5643687167010196
34690,0.7601619089751099
34691,0.3307212565588626
34692,0.3761367504563438
34693,0.8582166320739593
34694,0.4783265021762481
34695,0.5257600444613155
34696,0.7556228460364701
34697,0.5333909252116176
34698,0.4435083836426409
34699,0.6267406930178334
34700,0.4323727324689945
34701,0.3812364460945274
34702,0.7026823741547337
34703,0.17839507270844784
34704,0.7929675603157468
34705,0.45689738940297253
34706,0.6077787246005846
34707,0.3549840360261353
34708,0.39271212065076355
34709,0.27189743098525354
34710,0.3049377794869005
34711,0.27189388789460184
34712,0.7760984695233897
34713,0.7543000627901953
34714,0.1790539310777152
34715,0.40920476347521195
34716,0.6496290919981633
34717,0.5748573029447785
34718,0.6042799085592815
34719,0.5168941444975266
34720,0.5362255611049744
34721,0.7008213615598644
34722,0.22422334661556712
34723,0.2228660610180736
34724,0.5329983222406708
34725,0.4457601463879187
34726,0.6531298131810481
34727,0.6277294526337627
34728,0.3359703261973597
34729,0.5221946753710203
34730,0.6517193766020087
34731,0.5015272605633326
34732,0.25438430374174936
34733,0.2258074715966176
34734,0.34269615634079326
34735,0.407177307945843
34736,0.548665591488695
34737,0.4569014616553642
34738,0.6034420329061105
34739,0.3664429672982728
34740,0.22234907602971177
34741,0.49592913128316735
34742,0.8112350298614018
34743,0.30535035646843856
34744,0.2369599373232449
34745,0.17798470640769704
34746,0.3044285611555496
34747,0.480648631559194
34748,0.41540021564860946
34749,0.7680207436370645
34750,0.8036564633921183
34751,0.526610311782996
34752,0.546442195150382
34753,0.6539346264436157
34754,0.6905399940995411
34755,0.6842823923868321
34756,0.29873103006678897
34757,0.4041452787189316
34758,0.6328217443858968
34759,0.49954485940402193
34760,0.30720192233927
34761,0.20796200663996936
34762,0.3190661327095685
34763,0.7105841649573342
34764,0.6976642925844163
34765,0.46655981236431276
34766,0.5950538962699431
34767,0.3342877897656846
34768,0.3789495356974987
34769,0.8105662697668503
34770,0.6209158762543415
34771,0.3963171714464801
34772,0.4833139405366494
34773,0.6438049495811593
34774,0.5410686674621099
34775,0.4678615635255524
34776,0.6838920798649892
34777,0.5750938098581594
34778,0.5840289198480106
34779,0.5913088257862591
34780,0.7333570724251042
34781,0.6792392965340702
34782,0.6816568056777453
34783,0.806947952762547
34784,0.5309208773776103
34785,0.6919970127407973
34786,0.43879849416384537
34787,0.6440138355162786
34788,0.302333884000616
34789,0.46834968798172083
34790,0.3965700316419754
34791,0.5748106617715413
34792,0.5389537216177271
34793,0.7174756344571687
34794,0.6152928874291951
34795,0.7625059576704823
34796,0.3189927018097954
34797,0.30684497405447014
34798,0.46193437284976196
34799,0.7578043579519559
34800,0.5967475120585067
34801,0.7784235835048303
34802,0.32052905297413514
34803,0.41013390649192966
34804,0.38019235906103177
34805,0.24941014697360797
34806,0.1552833088919164
34807,0.575295407135589
34808,0.7923906841029328
34809,0.5434651846079817
34810,0.36676468594715317
34811,0.354909491941996
34812,0.39252952419177733
34813,0.42482287555615184
34814,0.8383316660196961
34815,0.4150544247118176
34816,0.3217543773478449
34817,0.30960077522604484
34818,0.6920602471648661
34819,0.1854938111290708
34820,0.564865926785824
34821,0.37513093312082985
34822,0.5986130959929559
34823,0.28539763143675445
34824,0.5093095777983705
34825,0.6792601816437024
34826,0.7269396500827551
34827,0.6590555847813867
34828,0.6797566494516929
34829,0.594656430017093
34830,0.5916315286380376
34831,0.6376176079737355
34832,0.507990833293542
34833,0.5100542585537637
34834,0.761351245892203
34835,0.5916598371015129
34836,0.43662159195227856
34837,0.45197026147605196
34838,0.6507790870833624
34839,0.2517083393901978
34840,0.33154872718517386
34841,0.2497926262624354
34842,0.41778685213362093
34843,0.4312799697570718
34844,0.3534347418879391
34845,0.395210017519956
34846,0.49791541937995815
34847,0.6546599983333312
34848,0.7395153646299139
34849,0.42679899594052584
34850,0.6370819564629687
34851,0.3533782092258522
34852,0.40964485566494657
34853,0.19338739692616788
34854,0.7129876260070831
34855,0.8051348046208888
34856,0.5592812309663492
34857,0.652887072856358
34858,0.19127410556366115
34859,0.2624831738438304
34860,0.7861693881994362
34861,0.802692019049511
34862,0.5474659022377427
34863,0.6499637833157058
34864,0.2137864649240322
34865,0.27347437291075466
34866,0.49453508458931117
34867,0.3910050546493981
34868,0.5514164061492092
34869,0.6982798949412466
34870,0.6126777200780962
34871,0.4584995392664221
34872,0.3476937766921299
34873,0.46137746557446957
34874,0.7211729377591372
34875,0.32012911205678
34876,0.4558340207041774
34877,0.5978970905422021
34878,0.6249016999865087
34879,0.5261560689520305
34880,0.5298944064537815
34881,0.3833046979342904
34882,0.42560623242437223
34883,0.7185845997144416
34884,0.6378468065934431
34885,0.2547571838396456
34886,0.46494968159133726
34887,0.4181970549766237
34888,0.1968462419847256
34889,0.28684203327851654
34890,0.369743616251306
34891,0.38640731711064014
34892,0.6230274574600835
34893,0.4020293818361173
34894,0.5651558398434698
34895,0.6095101536659968
34896,0.8318536270672506
34897,0.3118249435182251
34898,0.8902457935779863
34899,0.7116059683629272
34900,0.605302600089308
34901,0.6210239305039784
34902,0.7872056866743874
34903,0.6348870793982634
34904,0.5276222206685125
34905,0.3484307511656886
34906,0.75790796065052
34907,0.34535663524161053
34908,0.4995212961961651
34909,0.367753393302037
34910,0.2259725077076563
34911,0.829280520285485
34912,0.39700395606379846
34913,0.3943034892116683
34914,0.7423618887262622
34915,0.6866749146525527
34916,0.26519554237597914
34917,0.6169663623679856
34918,0.5571663179269213
34919,0.420019500038684
34920,0.38195756083855203
34921,0.3006968004260122
34922,0.7356934932203995
34923,0.49812464087595676
34924,0.3089493892597592
34925,0.18595138834165537
34926,0.8078006323023713
34927,0.7845681307799771
34928,0.24070914866529602
34929,0.5405159905021227
34930,0.4818216673282848
34931,0.5331707042355301
34932,0.2252357069430605
34933,0.608936594712898
34934,0.33827517410841956
34935,0.28115669980534524
34936,0.7947249291735342
34937,0.3101304266256938
34938,0.5573549038517313
34939,0.38278877758660057
34940,0.8186034020607402
34941,0.6223250020432973
34942,0.8547661193496873
34943,0.7089822258653241
34944,0.6499866300880107
34945,0.8558600297365899
34946,0.6081743306827387
34947,0.7395239334305955
34948,0.8366561200184481
34949,0.5590252712233011
34950,0.3219545215501684
34951,0.7763088979748448
34952,0.8515711013802794
34953,0.7762095421378755
34954,0.5795950143092731
34955,0.5254296658405686
34956,0.6589258204527397
34957,0.46962809277312195
34958,0.7974182384309677
34959,0.8769393835268948
34960,0.9151106902814194
34961,0.5599243675723689
34962,0.7152531695195142
34963,0.839116708897133
34964,0.8302640596803514
34965,0.5136251366996838
34966,0.5970035157767383
34967,0.8099791998520988
34968,0.5137635108745898
34969,0.5293718668732916
34970,0.4716680235230869
34971,0.8402088611135985
34972,0.5545371316030092
34973,0.5988620658561344
34974,0.4358592450126682
34975,0.40201220040774677
34976,0.42506001038051816
34977,0.9265612791874127
34978,0.7760143768456017
34979,0.7262067047676383
34980,0.716280552984742
34981,0.39979437250622796
34982,0.7911710222291684
34983,0.3976276239105422
34984,0.7710159033086829
34985,0.8441779946680801
34986,0.6918036853164721
34987,0.5286211312844094
34988,0.5282296086871165
34989,0.837487432109554
34990,0.5125922298225277
34991,0.22572742021549008
34992,0.42168564517520035
34993,0.6626223195563006
34994,0.1847753165453512
34995,0.3037295425043926
34996,0.565191429989868
34997,0.3190418534670428
34998,0.46824861641190174
34999,0.26856311533233895
35000,0.5315384015248595
35001,0.7041716468902236
35002,0.7323125992060074
35003,0.5919974269405199
35004,0.3376218946531664
35005,0.3330740951461631
35006,0.6033577482441603
35007,0.692530214138446
35008,0.27494870550562117
35009,0.6155293238523748
35010,0.26567005819913536
35011,0.5046834105617024
35012,0.6610117958000665
35013,0.6823646244496164
35014,0.7423973654084388
35015,0.3292843368347924
35016,0.3328914996334417
35017,0.6904471034890157
35018,0.4126799792692228
35019,0.2592241734184021
35020,0.7442717624992705
35021,0.49380714444023066
35022,0.6454077772034881
35023,0.4945584842583165
35024,0.4283341112326595
35025,0.2569452588883947
35026,0.4466452620005894
35027,0.4165913685599835
35028,0.41380016884281207
35029,0.3476530097961679
35030,0.25894094779275467
35031,0.6065011195625383
35032,0.8302542819820403
35033,0.665112188591653
35034,0.2917352008218598
35035,0.30192410448778
35036,0.1885813561431863
35037,0.20626035866303707
35038,0.564732238701496
35039,0.2010516841525104
35040,0.5295572677206593
35041,0.2755449033453113
35042,0.21358757540374484
35043,0.34024873268847466
35044,0.23660657671435964
35045,0.6639344216744167
35046,0.374925870620894
35047,0.3036972301847495
35048,0.5613990841437031
35049,0.5484643214715716
35050,0.4998995459997581
35051,0.30007793614124695
35052,0.8993597904519995
35053,0.23783185095930406
35054,0.5490133363411231
35055,0.23076307795104592
35056,0.27756998187281
35057,0.5454187540193757
35058,0.14611744787724432
35059,0.5875011932589445
35060,0.5310862919761198
35061,0.3607961113899081
35062,0.3791676421569583
35063,0.20812256815312713
35064,0.3244199012336724
35065,0.4729809814027092
35066,0.2517671833752307
35067,0.2559471313558571
35068,0.2619686661693732
35069,0.5345631139089874
35070,0.800108548186172
35071,0.4040862961565982
35072,0.4423931360249137
35073,0.5851737598825492
35074,0.25091051027872063
35075,0.3923175333435168
35076,0.7122711960066942
35077,0.41645967674344214
35078,0.22914721652109704
35079,0.8403782357608262
35080,0.6419199525301145
35081,0.6546597478526585
35082,0.6022661265740732
35083,0.6282667938433161
35084,0.2672433587726904
35085,0.6040521288288166
35086,0.34733124380182306
35087,0.5568817891042097
35088,0.41579298765437
35089,0.29207531894064254
35090,0.28932024418811075
35091,0.2422209052596884
35092,0.7118536868397713
35093,0.5862585172393857
35094,0.1495216457789465
35095,0.16464148786419525
35096,0.6137438995475387
35097,0.3343449344405659
35098,0.9026765651538673
35099,0.3555721749136895
35100,0.7113517660367934
35101,0.35892473257018603
35102,0.49833079039816375
35103,0.635666579683561
35104,0.2437840396384064
35105,0.6197625536763508
35106,0.7675220947372733
35107,0.42004951974916893
35108,0.48630711628859313
35109,0.29391687872653827
35110,0.25579058818620565
35111,0.5304365504271792
35112,0.5314163534383377
35113,0.5406932441593998
35114,0.6845344753151452
35115,0.5762085439945908
35116,0.537071278519898
35117,0.1866008198426453
35118,0.4310210564238456
35119,0.20530109126081092
35120,0.5240350698829271
35121,0.5112006616838054
35122,0.26526876232791713
35123,0.2301692386966807
35124,0.13642272018066698
35125,0.6393646949077484
35126,0.6198990531923662
35127,0.41266521210878676
35128,0.7481152502372266
35129,0.1662038967471306
35130,0.2918908281221172
35131,0.3557587263697056
35132,0.245609037387996
35133,0.4793355081078639
35134,0.3616150637146243
35135,0.43712554437364637
35136,0.3979754167903333
35137,0.6315195664386841
35138,0.3384298425541711
35139,0.25745605388900406
35140,0.1754162254477363
35141,0.567814292773387
35142,0.2848852389490389
35143,0.2486971419181959
35144,0.23638717701393838
35145,0.14438143518200733
35146,0.5310188717577838
35147,0.6270795315118777
35148,0.40941114222956493
35149,0.22066164068548264
35150,0.26722357140495184
35151,0.5404704586270437
35152,0.7770351139963576
35153,0.706658159988795
35154,0.5744565354168952
35155,0.18652095007787622
35156,0.2391751201015543
35157,0.3439367171330982
35158,0.6528910473749456
35159,0.880890971196957
35160,0.42630997281597244
35161,0.6026649839732082
35162,0.38586556719438986
35163,0.4546696493385288
35164,0.5131468570967583
35165,0.34543352256414545
35166,0.5794689345822283
35167,0.5911402300211004
35168,0.40320696314772
35169,0.21828441854234448
35170,0.4390321421000424
35171,0.3740679842959253
35172,0.712799070261283
35173,0.3482164216358076
35174,0.2014111953887516
35175,0.717755264031666
35176,0.48359774081815154
35177,0.37275426189373195
35178,0.4330312061536393
35179,0.1984901802006769
35180,0.6874533933165572
35181,0.4114971497769474
35182,0.8001691084693139
35183,0.24760746604542344
35184,0.5978667007384916
35185,0.6011053684253339
35186,0.16549205607490086
35187,0.21200130417004134
35188,0.2536858317217895
35189,0.1518724784710055
35190,0.17904071703341132
35191,0.16418118612915067
35192,0.6660734441292394
35193,0.47035782829374706
35194,0.6425551150360652
35195,0.4737890253105062
35196,0.6741139502631591
35197,0.7702521445560956
35198,0.6678699103498094
35199,0.29009978478530624
35200,0.23135167329711762
35201,0.10732176859146475
35202,0.5791511801645847
35203,0.48275305947691427
35204,0.33016683679591846
35205,0.6836056312253077
35206,0.48108213721392207
35207,0.3947489756681386
35208,0.5710650623650979
35209,0.4637975673055056
35210,0.6085525544368022
35211,0.6056397798683496
35212,0.6478035113909762
35213,0.6958020738481037
35214,0.43721671219353975
35215,0.6368775952763672
35216,0.4703635834075876
35217,0.5431657807090636
35218,0.36603979850647944
35219,0.43328377612368724
35220,0.7116472270806063
35221,0.23897379302821206
35222,0.6088192469272206
35223,0.3140657567034851
35224,0.24472240540408918
35225,0.23202908638514994
35226,0.4432389443794818
35227,0.6708639625310755
35228,0.5281990947347002
35229,0.2962119059762491
35230,0.30834696454957644
35231,0.5260618488829399
35232,0.2220019997379868
35233,0.6755286972974309
35234,0.7281244924774647
35235,0.5558866666747259
35236,0.2681037643463143
35237,0.440982074104387
35238,0.3461995993097069
35239,0.39850154987914455
35240,0.3269131987331547
35241,0.39803793295889095
35242,0.3274983330586703
35243,0.778688593088296
35244,0.22264533228812686
35245,0.5745074858077005
35246,0.8119675673002702
35247,0.2675639724117312
35248,0.34548846705525055
35249,0.8693793345538005
35250,0.2465892455849629
35251,0.459728904836298
35252,0.16186343540785836
35253,0.6021466761939902
35254,0.39004904163772774
35255,0.6924743145828515
35256,0.5949931052435116
35257,0.42085911457550623
35258,0.7546402366751537
35259,0.31002026639250835
35260,0.28240467719106593
35261,0.5219652940656078
35262,0.7306337045646919
35263,0.8344568163426668
35264,0.35744693573155484
35265,0.38664340503585304
35266,0.699859171195694
35267,0.7797257141836643
35268,0.6728875296944613
35269,0.6422842260408183
35270,0.7580015942488694
35271,0.24642144851728176
35272,0.15827278859142357
35273,0.2976217760863301
35274,0.28516272152034133
35275,0.6097845821035687
35276,0.2832936085252218
35277,0.2977875666979747
35278,0.2923543610336085
35279,0.8813650955574982
35280,0.6245603657120666
35281,0.7963552176890663
35282,0.21479597518812898
35283,0.5878141707393448
35284,0.2554587230491916
35285,0.3955222033174511
35286,0.6733760080908222
35287,0.6828633942999193
35288,0.9219021643602664
35289,0.4039772389245726
35290,0.15305441190188585
35291,0.2463093969460418
35292,0.5879044589100049
35293,0.5192213007173296
35294,0.4869694361491132
35295,0.7202741068205437
35296,0.31298827191430606
35297,0.8108412805615818
35298,0.35331515272989583
35299,0.5172498494950708
35300,0.7060096274622164
35301,0.6922393461779037
35302,0.6393575878956866
35303,0.32684194937242655
35304,0.30014257980790404
35305,0.49012531818261107
35306,0.4201966095558871
35307,0.2648574209032029
35308,0.6810284597488829
35309,0.6775465443510987
35310,0.4821854121774797
35311,0.6332399491876389
35312,0.36470082256300995
35313,0.20580658129473936
35314,0.1999159200044767
35315,0.4125257465407431
35316,0.5928241797802721
35317,0.22505399862526945
35318,0.1922495915281438
35319,0.36616651105198217
35320,0.3635828581267721
35321,0.2610348279655227
35322,0.24241772534182676
35323,0.47794211744916126
35324,0.5984124349058838
35325,0.6944589066866939
35326,0.21326993925698703
35327,0.6136089329924327
35328,0.2126136680323716
35329,0.6051138272040357
35330,0.1929089814231805
35331,0.21090156547024944
35332,0.2088633281108241
35333,0.6913172062728459
35334,0.7079701548262383
35335,0.8323477969512353
35336,0.24130796789100947
35337,0.6350725002865747
35338,0.6097633128945581
35339,0.1967329134784752
35340,0.1748438920558589
35341,0.444858722889404
35342,0.30866648594652646
35343,0.3291368900316492
35344,0.4863289173330443
35345,0.563372863609673
35346,0.6486894807133378
35347,0.7392966069385538
35348,0.33169453581226155
35349,0.42926422088974026
35350,0.47247714857012435
35351,0.37414858790533484
35352,0.6699019694386077
35353,0.43412805367224355
35354,0.6198566506002672
35355,0.4469150358314782
35356,0.47691667160122647
35357,0.5146662785763472
35358,0.3810581247391199
35359,0.6314812768306798
35360,0.40911855067928504
35361,0.590778428338517
35362,0.6189439309706922
35363,0.40991188984089855
35364,0.4959627062196055
35365,0.2858058428295633
35366,0.6365485323125157
35367,0.6148079703315965
35368,0.5123605902667033
35369,0.45819575848284005
35370,0.8325936250002374
35371,0.6543586892648197
35372,0.6561317686640087
35373,0.4088656777261278
35374,0.6700590146012658
35375,0.7441185575027739
35376,0.37463732565326996
35377,0.28375951416385886
35378,0.7204596834000648
35379,0.4257638073520849
35380,0.6099054581032591
35381,0.8052821285905737
35382,0.2820218215522527
35383,0.34729948422610446
35384,0.568936685612659
35385,0.7052056361269368
35386,0.5075085521245993
35387,0.36398950520191936
35388,0.4705834893228579
35389,0.41634306974643925
35390,0.3471942957243983
35391,0.32355104639698196
35392,0.13831629372075735
35393,0.5967979332233745
35394,0.7061714993670342
35395,0.8156716477450207
35396,0.49437077333597335
35397,0.844207432214867
35398,0.1660435607408774
35399,0.26650384247748665
35400,0.615896029014631
35401,0.470569648980575
35402,0.4482861767359779
35403,0.2597661820641959
35404,0.49090010659235217
35405,0.7328253501476998
35406,0.4347246443694342
35407,0.8784611183001437
35408,0.6335662453646287
35409,0.4988371309547704
35410,0.7835452110630275
35411,0.5898762978092837
35412,0.6961462309752163
35413,0.3427869682375977
35414,0.670349819850425
35415,0.8687209521120846
35416,0.9374813238214834
35417,0.8200325185418824
35418,0.7950216124992459
35419,0.4660372637894344
35420,0.7652047426818428
35421,0.6465024241044407
35422,0.8142442798519421
35423,0.8256390252248226
35424,0.7280128096919805
35425,0.8377537693866529
35426,0.794681752924159
35427,0.8468353205657115
35428,0.45142003628281047
35429,0.6993029938700461
35430,0.6006034140369061
35431,0.6921968385781587
35432,0.38569416240453974
35433,0.5622487093501193
35434,0.5222643130035562
35435,0.9265572824841782
35436,0.9281252807234736
35437,0.864357601338296
35438,0.9096872833293035
35439,0.4857003480788612
35440,0.6127637900048654
35441,0.6280182590330061
35442,0.8834020978599877
35443,0.8531786165714796
35444,0.6414200952401515
35445,0.8202991850764425
35446,0.3551276845885335
35447,0.42526987907860436
35448,0.4999993689826049
35449,0.3927140242675958
35450,0.35338611794630737
35451,0.7119541709128864
35452,0.7656449182763397
35453,0.680616808661059
35454,0.7142410911426399
35455,0.6666478319270537
35456,0.7104413702467933
35457,0.7285157798254996
35458,0.7017232383036502
35459,0.8812987221960603
35460,0.5254363802409906
35461,0.8125604360498357
35462,0.4084078746429417
35463,0.5440975668155016
35464,0.6735984134356306
35465,0.786101589916705
35466,0.631897942858663
35467,0.5180003522613206
35468,0.9066202441083507
35469,0.5379785125120301
35470,0.6650773813056627
35471,0.31794401942770645
35472,0.8575329693834076
35473,0.8322598484875781
35474,0.5916701608317513
35475,0.2446059386831127
35476,0.5261425135787837
35477,0.3719713948626602
35478,0.6825139002745854
35479,0.20358992516332797
35480,0.7530795473704618
35481,0.21581030170770454
35482,0.27754013059158084
35483,0.3178023431508365
35484,0.4243615688885993
35485,0.39785085178704094
35486,0.3923712037922739
35487,0.8316585328224743
35488,0.3738652683940622
35489,0.2931991426639676
35490,0.7918761701999263
35491,0.6089533322889702
35492,0.5251270159860184
35493,0.7085211230640976
35494,0.5117215502911209
35495,0.6919944705687185
35496,0.2890070172996983
35497,0.36446187795952417
35498,0.71210650037552
35499,0.2737608008174982
35500,0.3674562876042533
35501,0.2614708065913552
35502,0.3109366861835292
35503,0.9126282860670677
35504,0.7465346635159733
35505,0.24484665242918585
35506,0.2581158621920102
35507,0.538094778197479
35508,0.22038623478237745
35509,0.456621682683482
35510,0.6508376247396443
35511,0.5730677063368649
35512,0.411890091134661
35513,0.4044886164995379
35514,0.65333442872912
35515,0.6835686645358375
35516,0.23999920385241658
35517,0.855471410465304
35518,0.27856266873839397
35519,0.5243400557125749
35520,0.6264053713060126
35521,0.2671443507878177
35522,0.6332707338096306
35523,0.4018111473170751
35524,0.30769635587034305
35525,0.25572038644947964
35526,0.47932602437490246
35527,0.5833053173652292
35528,0.2667792633252447
35529,0.5773953628952689
35530,0.3660016121562069
35531,0.5766504625131392
35532,0.553238721069132
35533,0.2316655085534431
35534,0.4092509238178921
35535,0.2721761319983539
35536,0.7905855565656873
35537,0.6550959574161177
35538,0.19335318954281772
35539,0.5781840096060141
35540,0.35542368509089634
35541,0.6100287322258757
35542,0.3812019607448376
35543,0.5449422952029667
35544,0.5451314275880007
35545,0.4226873236543458
35546,0.17006377810442258
35547,0.6231859857485068
35548,0.40868638192739704
35549,0.37864742267782214
35550,0.24691311755817402
35551,0.7844717065870971
35552,0.37613186902949514
35553,0.8754064550677806
35554,0.7118111425610111
35555,0.6833459757780751
35556,0.7525972894659025
35557,0.8267217955442678
35558,0.7779472218988855
35559,0.1591149138130648
35560,0.5441897863136411
35561,0.31354447776644967
35562,0.296415078232058
35563,0.45656016612252925
35564,0.23447984376318137
35565,0.2611437506446678
35566,0.37399131755343684
35567,0.19197547630392672
35568,0.23543242346848758
35569,0.15257744654070762
35570,0.6087753074603781
35571,0.6732559690541327
35572,0.609914345960285
35573,0.2180163806864164
35574,0.5917477426511379
35575,0.12774195124286875
35576,0.6177274193891903
35577,0.40117613219674575
35578,0.823224234126712
35579,0.5104080091769285
35580,0.4821493130172802
35581,0.7308522918190269
35582,0.3748130088330354
35583,0.5063300312054029
35584,0.5017017906932042
35585,0.720487959631238
35586,0.711770858494393
35587,0.16685050353379466
35588,0.22828289602166132
35589,0.27496044913991646
35590,0.29581422509263183
35591,0.4837648996149305
35592,0.5596940521930162
35593,0.6076205826700499
35594,0.7919113173237383
35595,0.13478217398711467
35596,0.40128104114479446
35597,0.654144574491683
35598,0.5716840485306014
35599,0.84816348746601
35600,0.18053575242075345
35601,0.647744925035622
35602,0.7021476907946248
35603,0.7674383636040231
35604,0.5211197277122332
35605,0.19150670640677075
35606,0.6546639872134982
35607,0.429350931174226
35608,0.6454633845457846
35609,0.2453591613834985
35610,0.7881646711163676
35611,0.5749818054172516
35612,0.6829810530279928
35613,0.3671915550787884
35614,0.3281506934124039
35615,0.6347935720640079
35616,0.6671276670806491
35617,0.37396117653881694
35618,0.42669745929810166
35619,0.41104063841507477
35620,0.5632977061591865
35621,0.37302999901373385
35622,0.36671595436598353
35623,0.8939557382355705
35624,0.44152629409868976
35625,0.39287295019943486
35626,0.12381556589897541
35627,0.2192158021057422
35628,0.5077341318146361
35629,0.5424141390050718
35630,0.5722657030405546
35631,0.6544150323362127
35632,0.6070593744972432
35633,0.442094134018157
35634,0.33211340788237986
35635,0.28703380192542294
35636,0.2932447905373253
35637,0.5805506736547186
35638,0.6796171170358146
35639,0.30926474484002886
35640,0.4270243660212243
35641,0.6665634963223999
35642,0.2543838423452905
35643,0.4855201208125981
35644,0.7163153204497164
35645,0.42038236751435193
35646,0.3031104705375906
35647,0.4929638230805914
35648,0.46670343665102804
35649,0.38577500852272945
35650,0.19245328403888287
35651,0.6496200411916805
35652,0.24802434938017934
35653,0.4721175018616485
35654,0.45037740980881213
35655,0.5881001394689193
35656,0.4644021092737434
35657,0.39981482840401217
35658,0.5660169334503753
35659,0.6950758918833617
35660,0.17563090077350318
35661,0.2992210257497771
35662,0.2786691660776081
35663,0.54456263139048
35664,0.4311477594215747
35665,0.4266750131337666
35666,0.4761382802856792
35667,0.3076406362875287
35668,0.7528149487497521
35669,0.3712792407268495
35670,0.25499241115969346
35671,0.24522637737617223
35672,0.43488272990821125
35673,0.6689149268506687
35674,0.4264090409720429
35675,0.2978571813011072
35676,0.6811369984121214
35677,0.7425436160605856
35678,0.6285267092676556
35679,0.49342600821863436
35680,0.3298240610629394
35681,0.5034971150602406
35682,0.5442738165662132
35683,0.36259009776688866
35684,0.2666054244356758
35685,0.5063499725955298
35686,0.3393510091572596
35687,0.7315491172200329
35688,0.6497536941134748
35689,0.498402939946209
35690,0.7152666883935217
35691,0.5246016198245528
35692,0.2968286120791432
35693,0.6162954228041551
35694,0.5812134003089835
35695,0.6502972713836179
35696,0.1941108709398682
35697,0.7631094466668636
35698,0.6792132058996836
35699,0.3838672596225453
35700,0.6799063816169817
35701,0.46339884631983025
35702,0.4162263448261036
35703,0.5828618830710522
35704,0.4200325921679544
35705,0.5575268359055979
35706,0.7036600973929248
35707,0.5390815559412365
35708,0.43615971519251834
35709,0.6850108013210672
35710,0.24949681895087258
35711,0.5007935171524248
35712,0.20709824394943094
35713,0.5447442376256935
35714,0.7339076232629252
35715,0.621213422418568
35716,0.3879054276837109
35717,0.34340158915858815
35718,0.23245063721293918
35719,0.2517160066771225
35720,0.2849507115189204
35721,0.4439740719854204
35722,0.8024639174384374
35723,0.40836117627617274
35724,0.5999661411039886
35725,0.7047960576026944
35726,0.451735998742147
35727,0.7569777840216356
35728,0.7446024552462565
35729,0.4297749082783382
35730,0.18067386045988607
35731,0.5398178558314337
35732,0.38953444059881237
35733,0.6351304838016891
35734,0.6720096722471471
35735,0.5861130738438444
35736,0.7841453512697147
35737,0.31141294813937576
35738,0.37926638892687037
35739,0.5970348144954466
35740,0.42314601664602847
35741,0.39922797135988936
35742,0.7047665369619844
35743,0.6949365906698054
35744,0.4870127096180537
35745,0.6005225462625909
35746,0.42952040424185806
35747,0.6848736947283813
35748,0.12435381898276783
35749,0.3825663427903586
35750,0.6879415892279774
35751,0.228997672624815
35752,0.2554974945225966
35753,0.16705685085234984
35754,0.6002093489710028
35755,0.49528888523480386
35756,0.2431556921665864
35757,0.4696572345955875
35758,0.6079221278998034
35759,0.33257432165286005
35760,0.6460504123702902
35761,0.5848584231479372
35762,0.7900589893808205
35763,0.18707612378291738
35764,0.32670568945516054
35765,0.44751582583160243
35766,0.22066154118019182
35767,0.23357563918633908
35768,0.5773231683261537
35769,0.46435093854714193
35770,0.7313584701392359
35771,0.46399328124784994
35772,0.33409564249674184
35773,0.40187739757853147
35774,0.17536987152492
35775,0.35598537992977125
35776,0.5328357708250493
35777,0.5293759967716276
35778,0.6423830827785034
35779,0.6442279428036634
35780,0.4148892463848992
35781,0.4007611350395511
35782,0.34083335922953406
35783,0.5983495064996784
35784,0.6592145788248069
35785,0.6986694897640068
35786,0.6438199127246441
35787,0.7174560258485788
35788,0.5998107572364996
35789,0.35049756898215123
35790,0.555248170872429
35791,0.35321395466904665
35792,0.19301468956521822
35793,0.5219645840719261
35794,0.20399170321799637
35795,0.24385809140826556
35796,0.3469701861080197
35797,0.7382038181760756
35798,0.762219048846473
35799,0.6541424495395601
35800,0.5016896674649862
35801,0.6430946002269424
35802,0.2567660238849898
35803,0.18765702975119658
35804,0.6467078173076031
35805,0.5731699109523215
35806,0.8305910707249021
35807,0.4593665515428071
35808,0.3707316240560329
35809,0.29833284443148045
35810,0.4365916850758318
35811,0.713945479481863
35812,0.49766578508152826
35813,0.7567391389972747
35814,0.572418000772424
35815,0.2286330108922836
35816,0.5589788616616109
35817,0.15844666660861884
35818,0.2622902349679756
35819,0.7966628466339921
35820,0.3987295977746879
35821,0.3061081910189096
35822,0.40895040206408717
35823,0.37567014397044973
35824,0.7584511020848994
35825,0.6905380540525058
35826,0.2618195050025475
35827,0.3365357239129526
35828,0.5133961190027959
35829,0.5154266279041292
35830,0.20120160715868715
35831,0.6851382236192791
35832,0.44126773432835087
35833,0.5177267744321015
35834,0.4104065584750943
35835,0.557613889738573
35836,0.5008436853980174
35837,0.43785420562995764
35838,0.38607890019167396
35839,0.25170682690344287
35840,0.1773032695955308
35841,0.46770267782747016
35842,0.36010037059131145
35843,0.3487980353267953
35844,0.5798376756912614
35845,0.3011793774046602
35846,0.5526462653665741
35847,0.8416008185514335
35848,0.7527904943452337
35849,0.46174670867126494
35850,0.6829283786726676
35851,0.3808337609143576
35852,0.7004115549212676
35853,0.4263007353746422
35854,0.8820952433696085
35855,0.4248289280007705
35856,0.3744611589518252
35857,0.6255237913502673
35858,0.6513841763978344
35859,0.3595809749098765
35860,0.33402494279873896
35861,0.40609434542107403
35862,0.18077345591301772
35863,0.5018853760453873
35864,0.46415162017888706
35865,0.4883556452841399
35866,0.8013170853028887
35867,0.8563513876743153
35868,0.3988482277197071
35869,0.3281259146299832
35870,0.7882068730906068
35871,0.7956031046985357
35872,0.7035780040224489
35873,0.5783341019681305
35874,0.624201053411242
35875,0.4322148848733973
35876,0.6767339705578274
35877,0.5245959564725732
35878,0.5673889326409653
35879,0.8878833361205422
35880,0.28160240412768917
35881,0.8861679458000027
35882,0.26348527884289363
35883,0.31487332245892125
35884,0.2080101534929949
35885,0.6355454111515797
35886,0.8193745533666537
35887,0.44104407607953794
35888,0.46775364089387417
35889,0.26473175237102764
35890,0.6273182313054189
35891,0.3306361276268303
35892,0.5769521838386492
35893,0.4098283270229348
35894,0.6315153511948397
35895,0.6292775139001329
35896,0.31919425535948504
35897,0.6514959475794841
35898,0.7147405724128301
35899,0.6435869942247028
35900,0.39861479693327756
35901,0.72646281838676
35902,0.2371634019636113
35903,0.6918231528361858
35904,0.5343801716970424
35905,0.7226014131611055
35906,0.6573152463001686
35907,0.5575927184995393
35908,0.418139164093178
35909,0.3507522268483404
35910,0.6522348718966027
35911,0.5206009877288637
35912,0.3211971324979663
35913,0.3865876093411967
35914,0.31873058136194343
35915,0.3373669585654134
35916,0.43732242458608206
35917,0.30640448770577916
35918,0.9137528243322707
35919,0.8803825611554432
35920,0.7921694233551934
35921,0.6846885204090233
35922,0.46328535447283237
35923,0.7772726819932126
35924,0.7070119599711165
35925,0.6423092736689032
35926,0.819157843553718
35927,0.6378388172479793
35928,0.7525865357881686
35929,0.7766295202191696
35930,0.8529199683239129
35931,0.8359854626283679
35932,0.5848480731216754
35933,0.8391375421359812
35934,0.7007961076649916
35935,0.5648348042610108
35936,0.8151448177372491
35937,0.6337623486179164
35938,0.6609531727040266
35939,0.45871439128319974
35940,0.8435490899017346
35941,0.7220737996893221
35942,0.7104566192801274
35943,0.6736147513885943
35944,0.502073351630349
35945,0.6564580513635558
35946,0.8307463230594171
35947,0.5418241065851662
35948,0.7141104703692454
35949,0.9164189250441127
35950,0.6161156877584658
35951,0.7331024778848011
35952,0.755095069703022
35953,0.6478100791735255
35954,0.5865658697782502
35955,0.5085045449076826
35956,0.6720194246359913
35957,0.7622383239565436
35958,0.39334261610646903
35959,0.42902122731380626
35960,0.6690693400949435
35961,0.2503949544241661
35962,0.6345958335358773
35963,0.5089830023334843
35964,0.6957176886343314
35965,0.5453046560759139
35966,0.45979962266181795
35967,0.6811658970501144
35968,0.47073886181201974
35969,0.5592164196555055
35970,0.7575233236854013
35971,0.6339793460423195
35972,0.7446610088542299
35973,0.31576946320793586
35974,0.667571047648419
35975,0.8298208667564106
35976,0.5097100438271042
35977,0.32288506671726264
35978,0.5300429905003458
35979,0.41308041415966357
35980,0.22039914861605645
35981,0.6430531798710621
35982,0.2338775615878463
35983,0.4469685733770516
35984,0.7012771656572702
35985,0.2266218211174968
35986,0.6849386537413421
35987,0.6120857011971987
35988,0.7567653598581866
35989,0.34178147819264904
35990,0.39183979460954527
35991,0.7434380401827331
35992,0.2805368549694887
35993,0.8182332838350126
35994,0.3923026432898359
35995,0.7494186830683791
35996,0.6709834259224999
35997,0.38448169014594274
35998,0.711851949827689
35999,0.291205745279154
36000,0.28338852537145565
36001,0.32158544908961256
36002,0.6233869249560033
36003,0.6379597449769661
36004,0.8897595492155689
36005,0.34614288610663524
36006,0.2614379803239409
36007,0.3006680822495975
36008,0.3845642818825523
36009,0.7107747818723154
36010,0.5971884427459881
36011,0.6527972980772015
36012,0.7905016194907671
36013,0.6538012854768475
36014,0.6214000245595316
36015,0.1931439839903846
36016,0.11425601243343361
36017,0.2994238627495512
36018,0.3419195675454023
36019,0.3059681650644045
36020,0.2406396798458246
36021,0.5609808402095127
36022,0.24502988365707454
36023,0.6640365106374717
36024,0.24777275785505207
36025,0.25460268922554447
36026,0.653924757838677
36027,0.6620894842524311
36028,0.7108125623307725
36029,0.579034263266517
36030,0.7140343521182825
36031,0.2592164404720705
36032,0.24159771164817642
36033,0.36329650913041034
36034,0.6908960824755594
36035,0.5887463028770308
36036,0.5997021982265703
36037,0.9106889135180608
36038,0.7390346965184572
36039,0.3193559328076875
36040,0.4443795466798425
36041,0.8147470811924409
36042,0.7228761608690233
36043,0.27666103129206704
36044,0.5847487886848688
36045,0.27504012217704854
36046,0.2229088485090089
36047,0.25226094849626646
36048,0.333496207142486
36049,0.2116010202779898
36050,0.3220276205625655
36051,0.6703278810623243
36052,0.7361049117439253
36053,0.6407157199845873
36054,0.3774612444654766
36055,0.2657101732247462
36056,0.30403868744989365
36057,0.40972575787739174
36058,0.4708707044447977
36059,0.5888686984340826
36060,0.3709197987044691
36061,0.3286559452997688
36062,0.2308685861938802
36063,0.2691130760107956
36064,0.5127584093356656
36065,0.6483004713059299
36066,0.5838934303950618
36067,0.5018531063166479
36068,0.26063505913927226
36069,0.5118162371553442
36070,0.21292307158809634
36071,0.2689747964050472
36072,0.18858207252240933
36073,0.29835168242847454
36074,0.26868197678688505
36075,0.6700735958957922
36076,0.66861559245162
36077,0.41515777655567554
36078,0.5848646398722185
36079,0.20399955741052436
36080,0.6273059377959375
36081,0.43264886222757254
36082,0.6663504684047183
36083,0.27418221844641244
36084,0.5956066040542914
36085,0.4653039141210865
36086,0.28340356818655954
36087,0.3862310612405739
36088,0.544713280115741
36089,0.8712155753843304
36090,0.2106132515794448
36091,0.4145662495040999
36092,0.2125599965771868
36093,0.25340787862692626
36094,0.4221740414995815
36095,0.20778927921649498
36096,0.6420310073487417
36097,0.24824726993479498
36098,0.21768430334474517
36099,0.47887173503587177
36100,0.3578722792095745
36101,0.44523222582135774
36102,0.6612454947709437
36103,0.24157368122067965
36104,0.4067011480088839
36105,0.5545823474003593
36106,0.36069420532166097
36107,0.6293865030840917
36108,0.6513680628632077
36109,0.24926830199564834
36110,0.5312299508520671
36111,0.20533285718731883
36112,0.45605639817053506
36113,0.7632793552894591
36114,0.5891089979304281
36115,0.6529026537670906
36116,0.633429658915223
36117,0.5736926699937307
36118,0.6898102504946765
36119,0.3119634729463075
36120,0.48026216799896737
36121,0.5287071980516046
36122,0.8887857214505522
36123,0.5655462340741721
36124,0.8471164531749725
36125,0.6746838611163108
36126,0.5844544576715978
36127,0.32304780167568264
36128,0.6037169696990837
36129,0.7170427762525344
36130,0.2912619495640264
36131,0.7798347221926888
36132,0.6916782021201964
36133,0.17202777345286466
36134,0.6933418016709579
36135,0.18238482750980337
36136,0.30984402243323844
36137,0.6411632225937832
36138,0.29450546802417343
36139,0.24016561479762916
36140,0.45521050645234684
36141,0.8131117164567954
36142,0.7341659863262366
36143,0.29902044219939905
36144,0.7448498010726156
36145,0.3072119432875041
36146,0.48410439228835705
36147,0.6097376414012715
36148,0.3283240213399318
36149,0.6293656892183351
36150,0.28623585212939234
36151,0.3208612048970665
36152,0.22290947509368952
36153,0.2891507766968606
36154,0.480921005169939
36155,0.2731618832667536
36156,0.7616671703335719
36157,0.47863331358450384
36158,0.43014390006600256
36159,0.17717168814204343
36160,0.15162486740713033
36161,0.2503038142925238
36162,0.5228704793959609
36163,0.47767795232456334
36164,0.20072323683299295
36165,0.43069540465891726
36166,0.20926183149390457
36167,0.40654046631611485
36168,0.21360519835612832
36169,0.4191482747562986
36170,0.4910230551052337
36171,0.5598954319701056
36172,0.7674672862008987
36173,0.43708886302799044
36174,0.2504095972762475
36175,0.46685139087656774
36176,0.24572969479481
36177,0.700397461451111
36178,0.7698763361604042
36179,0.5515659427667099
36180,0.5804705663044077
36181,0.5969999221973458
36182,0.1588759796525475
36183,0.46632700360463447
36184,0.672494096420742
36185,0.5305665791991607
36186,0.5991469213043777
36187,0.4041827349686021
36188,0.6416593018805921
36189,0.6366075894183835
36190,0.4482064131654837
36191,0.5941821024175402
36192,0.3523636630969329
36193,0.5507454694164133
36194,0.5908742169940225
36195,0.7955777339273892
36196,0.2064241511527495
36197,0.3468880990851452
36198,0.6591303174318773
36199,0.3821490606979227
36200,0.1726012802406364
36201,0.2384945066473959
36202,0.2776929743516688
36203,0.20426977510759695
36204,0.31928318354172985
36205,0.564939738873054
36206,0.7996919373237955
36207,0.2059047239575973
36208,0.7176264462410538
36209,0.4942820144607311
36210,0.4471377384518248
36211,0.31257655277846924
36212,0.39869539924379654
36213,0.24296861203777415
36214,0.6149596129209096
36215,0.5785960155226599
36216,0.2526895935518848
36217,0.6791686727267617
36218,0.779763191691846
36219,0.46347273883687373
36220,0.4112157855407834
36221,0.39410569045302124
36222,0.5421193696154144
36223,0.7933660252613742
36224,0.7126509083529138
36225,0.7035763132507695
36226,0.4276776259788836
36227,0.5570861380716011
36228,0.5530363931258429
36229,0.3225267041784375
36230,0.33612429544383166
36231,0.20665226760039457
36232,0.7424482860102213
36233,0.7718422885555979
36234,0.20748725225338674
36235,0.346298142745188
36236,0.5516460185108095
36237,0.6803346282154924
36238,0.6245994031344198
36239,0.23399670772586806
36240,0.2758051381056362
36241,0.319361298507591
36242,0.6229052178155081
36243,0.8226009540223301
36244,0.6608605859101645
36245,0.4619230036725333
36246,0.6886600596224971
36247,0.3484173284258214
36248,0.3420899484711996
36249,0.519986238911937
36250,0.5925656788834551
36251,0.7380840310597067
36252,0.31864660933787115
36253,0.8197720086115757
36254,0.5883190245843685
36255,0.25837900662667584
36256,0.1949436670189736
36257,0.3402983280605256
36258,0.23833499863902832
36259,0.2808132264467709
36260,0.6099903895581326
36261,0.6895877518884941
36262,0.6244414045678321
36263,0.46043416967667916
36264,0.4407721281333477
36265,0.32518039198633775
36266,0.3705193035586675
36267,0.7668284675056484
36268,0.6917066896997304
36269,0.7134291844753046
36270,0.9060340850134033
36271,0.25505985975167117
36272,0.5849697672395231
36273,0.25460712067031077
36274,0.5081865271364727
36275,0.20736143443720592
36276,0.5708691034904043
36277,0.3092860893669763
36278,0.5397010874461746
36279,0.40449903717292024
36280,0.5369219144805129
36281,0.2849353731548967
36282,0.4277285583000899
36283,0.5876898118180695
36284,0.19578069188362704
36285,0.3788659408977604
36286,0.6572047732915527
36287,0.4883520182064261
36288,0.5715158601371303
36289,0.6631412540668503
36290,0.4547145872358111
36291,0.7916594776630631
36292,0.31923173904077967
36293,0.6564410193264388
36294,0.20631026566281413
36295,0.6104476416748832
36296,0.38831817988940986
36297,0.6871345305030927
36298,0.5409757159653739
36299,0.5282856268676883
36300,0.23226786054152226
36301,0.4539434124547041
36302,0.4654797796426109
36303,0.527238074938151
36304,0.347708987619541
36305,0.7033367689365343
36306,0.7153438650390869
36307,0.2884420201019836
36308,0.23449518231617134
36309,0.7539231351677139
36310,0.6155092193538537
36311,0.2501825097184464
36312,0.7507669841183625
36313,0.44417893035423656
36314,0.3141650176599044
36315,0.5186634997914542
36316,0.533467786123783
36317,0.1726584274632031
36318,0.5808891329809568
36319,0.5180096967696546
36320,0.8496635671992335
36321,0.700260017697811
36322,0.7579824970171095
36323,0.5974759176385236
36324,0.6734658925853003
36325,0.5762173197225263
36326,0.6278799372126614
36327,0.6369614030392983
36328,0.6709445334790051
36329,0.5151942833441544
36330,0.7235021578480091
36331,0.4086904080833656
36332,0.664106191927825
36333,0.21458531264638658
36334,0.1928736199683599
36335,0.7070854664452739
36336,0.3570678675213168
36337,0.48752119184946563
36338,0.250850333099082
36339,0.9202243491524422
36340,0.3390868443359845
36341,0.6140838135527934
36342,0.7331313160566826
36343,0.3442441054477748
36344,0.3091445806529958
36345,0.6206355412782117
36346,0.6129605856200574
36347,0.7134018311211706
36348,0.19544728623993057
36349,0.3873682012806628
36350,0.27852060872726153
36351,0.4029414094653457
36352,0.42798561181468325
36353,0.6217518795743773
36354,0.46251081041714026
36355,0.2225979655497626
36356,0.25808706936797365
36357,0.3859551109326787
36358,0.3708043193555846
36359,0.5174083758899868
36360,0.8337353083145496
36361,0.7393804453637204
36362,0.4648360866728688
36363,0.7155036815749984
36364,0.288087846535684
36365,0.35514922615645433
36366,0.2341252605740006
36367,0.3082601698279659
36368,0.7714287715960237
36369,0.7547803242363027
36370,0.16703614857627289
36371,0.401286868322759
36372,0.5556023192191837
36373,0.6527902214446759
36374,0.6333656266334374
36375,0.22244887878036512
36376,0.4698895802605461
36377,0.727598256944608
36378,0.5841362216322226
36379,0.42981366294384843
36380,0.5946590958835154
36381,0.45821095522164274
36382,0.7322723644594413
36383,0.5957390754942369
36384,0.7483373920968037
36385,0.4838855374234178
36386,0.5914606117600242
36387,0.27556221392909824
36388,0.4899503798257084
36389,0.28690624571072376
36390,0.6576218716355691
36391,0.6924366305941815
36392,0.8511487236252356
36393,0.35517107791732533
36394,0.3861139464198766
36395,0.36427625235299865
36396,0.3422978320351454
36397,0.63989011338344
36398,0.6474751018736761
36399,0.7944745038269646
36400,0.6007531403758882
36401,0.44777099296644185
36402,0.4656950783321557
36403,0.7250959673638637
36404,0.7947345245132537
36405,0.6497745806302847
36406,0.788025839446954
36407,0.7510525051728869
36408,0.8116058657265192
36409,0.6058285190145849
36410,0.6891465414607668
36411,0.5641588273830558
36412,0.7536925409340383
36413,0.8524141454841603
36414,0.8242360464470664
36415,0.693070424006437
36416,0.4432758980529151
36417,0.41331398284872195
36418,0.7922371815061958
36419,0.5186311331620312
36420,0.5916595207458809
36421,0.4616043984058761
36422,0.7632438762600976
36423,0.4814919859557547
36424,0.8115051898963974
36425,0.48623029566020104
36426,0.7749435750565555
36427,0.6649195723630985
36428,0.7453904334885428
36429,0.513779063272384
36430,0.7167750763572643
36431,0.8966555452191428
36432,0.5677736532549718
36433,0.5683373399041034
36434,0.8256509896553509
36435,0.7955845072279537
36436,0.6433512301480661
36437,0.6845066163056287
36438,0.7881897541693145
36439,0.6742028938225554
36440,0.7436013567856945
36441,0.7277465074639947
36442,0.8184502854718844
36443,0.6146357880951862
36444,0.7805118579119691
36445,0.46825447247087054
36446,0.5309746718747641
36447,0.9511168818549534
36448,0.7448906333094092
36449,0.3435547553511042
36450,0.33074374950603
36451,0.6808770678092195
36452,0.6356933091994826
36453,0.7778206053466521
36454,0.399982951721233
36455,0.740775970726309
36456,0.49602581196794315
36457,0.48759036116075993
36458,0.5554425491342472
36459,0.7212656269474884
36460,0.6220679296968503
36461,0.6286096326301942
36462,0.8300087988506463
36463,0.6315225996764463
36464,0.7808228874563202
36465,0.600456149879945
36466,0.8412321896011484
36467,0.7304042938728016
36468,0.21004546179289996
36469,0.3269841033701473
36470,0.7575022655976075
36471,0.684393365651072
36472,0.35365464744452335
36473,0.37333063414771356
36474,0.5445437541645128
36475,0.1893901897807525
36476,0.520732029828667
36477,0.35922482872707834
36478,0.38740641021297906
36479,0.7959183160829247
36480,0.5854695587980531
36481,0.6165611832911072
36482,0.6563581598456093
36483,0.26771981420247337
36484,0.6248289763874252
36485,0.5869525885049865
36486,0.5725441809122259
36487,0.3732235002009702
36488,0.36859056233557275
36489,0.8506117134384826
36490,0.6484808454657452
36491,0.21648645813059414
36492,0.20189648520008197
36493,0.7903551814665563
36494,0.6871080432339549
36495,0.4020225877270054
36496,0.35882439446811526
36497,0.23348668636343012
36498,0.6184281766658138
36499,0.3548649595473456
36500,0.6828639521453806
36501,0.25705658836330364
36502,0.6169017568316767
36503,0.662211353102526
36504,0.30175250009136917
36505,0.5520433059322409
36506,0.20035483053475286
36507,0.5191331052516537
36508,0.6130342512044238
36509,0.5219295277608431
36510,0.4103653270919015
36511,0.601696314302751
36512,0.3384345470244859
36513,0.24392039478058367
36514,0.9209966963961987
36515,0.6638864736561918
36516,0.14778307468666688
36517,0.3900732490035531
36518,0.2402946712771396
36519,0.3028742388311257
36520,0.34986757629387466
36521,0.626908179021865
36522,0.4796960474046775
36523,0.2241553933030427
36524,0.8377082839933496
36525,0.19319976726174298
36526,0.24097861999582407
36527,0.29258184758826905
36528,0.5978068692736155
36529,0.41022281321260856
36530,0.463402902261695
36531,0.8081079481844523
36532,0.6893915256025694
36533,0.37763774609682865
36534,0.6882559323282078
36535,0.5733915158928446
36536,0.4094677346002234
36537,0.1552862969351767
36538,0.1641559624580452
36539,0.36428013583424135
36540,0.20915009129839413
36541,0.908718831790836
36542,0.2770812434342117
36543,0.44588249349853876
36544,0.7306922476244085
36545,0.45760371833955854
36546,0.2728097604948478
36547,0.6217430724293793
36548,0.4290278570033206
36549,0.46791859217552395
36550,0.6906126546269842
36551,0.6330260168666014
36552,0.30108739851846233
36553,0.30551107836658875
36554,0.48061369365117074
36555,0.4119415170545584
36556,0.3018118557995356
36557,0.21593544182342544
36558,0.7019512324211964
36559,0.5973621462416931
36560,0.5794420113892316
36561,0.3010120207399913
36562,0.22893604631792164
36563,0.416964484228098
36564,0.2933990970053665
36565,0.5084947840043232
36566,0.6251321241781134
36567,0.23445746817651233
36568,0.26423016895870094
36569,0.5293563133666799
36570,0.390208958303801
36571,0.6454954187153784
36572,0.7630259760279643
36573,0.7532968331062945
36574,0.870743726783724
36575,0.6516726515541544
36576,0.8067744598429828
36577,0.3112879832251956
36578,0.40681952497826446
36579,0.5385185045128239
36580,0.33146063220981337
36581,0.30076513267317856
36582,0.3356130926941092
36583,0.8169860077733592
36584,0.7622312866422972
36585,0.34047072721970134
36586,0.29216875559451655
36587,0.5236650971779004
36588,0.36463521825158673
36589,0.24419760628475773
36590,0.219770231397471
36591,0.7376308201348996
36592,0.5973605324419713
36593,0.4179243095245624
36594,0.7464306705518424
36595,0.5663886974310152
36596,0.6175785364966743
36597,0.43624692880181515
36598,0.48195333167503124
36599,0.6735113766778181
36600,0.29185772860341447
36601,0.3116977183590355
36602,0.6260752700732446
36603,0.5241135248282394
36604,0.46349877108498966
36605,0.6242151357411019
36606,0.41863058000209147
36607,0.3041839485290718
36608,0.6203000528255226
36609,0.7016567104862754
36610,0.7935617030450264
36611,0.5906325422641844
36612,0.6916945079174972
36613,0.4985013722207164
36614,0.6182856957816718
36615,0.5907918371531814
36616,0.5537497136550118
36617,0.6007652390494924
36618,0.3939136457339216
36619,0.49891807111236103
36620,0.3670893876270068
36621,0.24713019365548003
36622,0.21834406271479814
36623,0.2945398250917689
36624,0.5770180164076135
36625,0.1896887144120041
36626,0.3436737410777733
36627,0.6052169024436868
36628,0.20713661536152092
36629,0.25264061320946823
36630,0.6973857923142768
36631,0.5679845852839416
36632,0.4265658666585555
36633,0.4973973012454548
36634,0.18232528133294051
36635,0.3636122740811695
36636,0.4710942280519697
36637,0.3215518065066473
36638,0.5397213892420528
36639,0.46533456432302583
36640,0.7146823768328331
36641,0.4514899930705409
36642,0.7086487718960179
36643,0.7054292634628107
36644,0.5353816971223412
36645,0.6606470464998455
36646,0.3852467982377762
36647,0.5337785964111252
36648,0.20952459093576295
36649,0.44882010042059683
36650,0.616945936795008
36651,0.2794117414348059
36652,0.4212509414190953
36653,0.8000964445197155
36654,0.4563789498969999
36655,0.5974370357910389
36656,0.33201766518009185
36657,0.2525710402472614
36658,0.23531508129732787
36659,0.44772164032187384
36660,0.49499464239754826
36661,0.44283665170693204
36662,0.4263815259717024
36663,0.6408658877535246
36664,0.5322663547514153
36665,0.7556085174358818
36666,0.21895342457162348
36667,0.6319604384608476
36668,0.6131969726889738
36669,0.14471461160447238
36670,0.5969489330963355
36671,0.32582427365454764
36672,0.3265400552570097
36673,0.2929212081829452
36674,0.14872472318443478
36675,0.3143196547332417
36676,0.541583086561663
36677,0.4751351316275966
36678,0.8349794467578355
36679,0.5039436464291667
36680,0.4555414398133797
36681,0.6755501040746249
36682,0.5408969343164753
36683,0.19736366575059114
36684,0.7920567758966705
36685,0.5124312217752754
36686,0.36357889061402426
36687,0.5430190671665198
36688,0.17138915521565884
36689,0.25163698149996794
36690,0.26532243659028254
36691,0.7279825691196843
36692,0.606994649773345
36693,0.6181116140200255
36694,0.21435222030446865
36695,0.4907232390328147
36696,0.5421611008059718
36697,0.2398032731837194
36698,0.5473589498031851
36699,0.6989126256733903
36700,0.5243810429479958
36701,0.745026975253435
36702,0.33860591415198155
36703,0.24518897885745275
36704,0.17669507006089685
36705,0.32713419707219255
36706,0.7336304346826674
36707,0.39679015521165123
36708,0.19939977467946005
36709,0.6413862429330619
36710,0.5308934937610142
36711,0.4439208220907454
36712,0.6658626353008054
36713,0.5737424590869054
36714,0.25774884398337405
36715,0.6278481880490774
36716,0.42135484142753377
36717,0.40083212404098
36718,0.6726281821228771
36719,0.25312684293577
36720,0.20860248071519896
36721,0.46618701135096
36722,0.521804261302914
36723,0.2760594141127412
36724,0.6873869452858589
36725,0.45215710708165624
36726,0.28642522115774427
36727,0.4604341947916049
36728,0.36577550663509606
36729,0.5839223783448271
36730,0.5982539577391301
36731,0.5408734354148835
36732,0.6723568944850988
36733,0.2713718323107688
36734,0.35291690642754253
36735,0.6713598420921881
36736,0.36033741926935353
36737,0.7949402253173412
36738,0.29706310973614025
36739,0.6790019583060799
36740,0.6245357955198595
36741,0.5283333169061954
36742,0.4411043449861241
36743,0.6325708442531399
36744,0.6593991315442632
36745,0.36236523683766836
36746,0.6101132843879896
36747,0.5661496564779092
36748,0.6611689387696329
36749,0.46148931034632024
36750,0.3897063130695724
36751,0.5795444648461879
36752,0.5853644846002035
36753,0.518292909282741
36754,0.5983144433352953
36755,0.4314030494078028
36756,0.6580144310884738
36757,0.23802217096503972
36758,0.8597274704518979
36759,0.4159005360222988
36760,0.20272961577217347
36761,0.5383797183058954
36762,0.35796196538265196
36763,0.22872140703129148
36764,0.579556865132627
36765,0.5032567489039523
36766,0.7674921872188695
36767,0.7190661410630426
36768,0.32659426596831964
36769,0.490592492958657
36770,0.30762049522687046
36771,0.6106907487792392
36772,0.2684849329264851
36773,0.6227460344004311
36774,0.5164429213848419
36775,0.38589581415557955
36776,0.7073325544724
36777,0.6519597741289926
36778,0.32589556032941946
36779,0.8926917720890495
36780,0.22108424035173654
36781,0.2412684514128799
36782,0.45850830128900166
36783,0.19607022411937175
36784,0.7814606708165636
36785,0.7023263865783594
36786,0.33657770466577264
36787,0.6862892514365068
36788,0.5115055723569416
36789,0.17589536390015917
36790,0.5183718420161134
36791,0.6759247348650493
36792,0.40486768037893994
36793,0.30189513303195314
36794,0.8427671152644882
36795,0.2718900080817333
36796,0.630649853243791
36797,0.4953975488804317
36798,0.6251749463920128
36799,0.21166084387610767
36800,0.13339924758205027
36801,0.31842729457100793
36802,0.8064762212379173
36803,0.2907175287483568
36804,0.3735241647588545
36805,0.5099066082068929
36806,0.6963512128715842
36807,0.8591939818338963
36808,0.46149655712134724
36809,0.24678295861696156
36810,0.7461527067442077
36811,0.6414940545620202
36812,0.6178781571374123
36813,0.47514652749328273
36814,0.5764406925530711
36815,0.6467751980177794
36816,0.5211127276252185
36817,0.3814756551875444
36818,0.21242373462354877
36819,0.5649509679021081
36820,0.6270287398280886
36821,0.22841321467834877
36822,0.5332386292722715
36823,0.6058691305620371
36824,0.5159928129750919
36825,0.4880534376366551
36826,0.2366213778060917
36827,0.3586799475115036
36828,0.659742429753165
36829,0.38594911390032444
36830,0.40016221971077953
36831,0.7813784061777135
36832,0.8666923238402959
36833,0.6881437148527282
36834,0.7259138219677983
36835,0.334804693148105
36836,0.5886863358134701
36837,0.5768081163372148
36838,0.22341028063875631
36839,0.7537168146567756
36840,0.3873161391051298
36841,0.31649848870688546
36842,0.3356133282471858
36843,0.7783943206789924
36844,0.39978021447004075
36845,0.395256528007482
36846,0.2200141800762149
36847,0.49049227624831887
36848,0.7837633590801252
36849,0.41261710886780045
36850,0.5077522309646645
36851,0.43525040670515536
36852,0.7724561205162692
36853,0.24590519469714978
36854,0.3388658990317327
36855,0.3712401835376969
36856,0.39328085716517064
36857,0.47023161509891864
36858,0.7570231797381374
36859,0.4455220806439172
36860,0.5524517095339962
36861,0.582101942431527
36862,0.7817084379824356
36863,0.6632680309093535
36864,0.6818130921932122
36865,0.220196008389632
36866,0.32914947160894975
36867,0.40119751922566094
36868,0.6267549562334157
36869,0.6078308610362774
36870,0.32642470855790096
36871,0.6252025539982949
36872,0.610930795025513
36873,0.4090220066717426
36874,0.7473879978163419
36875,0.5989025508719055
36876,0.7667997631405086
36877,0.3397212877125384
36878,0.32715345514461874
36879,0.2244617342610776
36880,0.5802820006598396
36881,0.309451410328414
36882,0.6564707768544699
36883,0.2566797309496575
36884,0.7142631692684954
36885,0.4418336671105559
36886,0.27892844345420065
36887,0.2859882816269589
36888,0.41895565188872036
36889,0.41928597979776905
36890,0.4504725714048485
36891,0.3388696618906282
36892,0.6085178313571443
36893,0.24749689229063024
36894,0.6106976082817152
36895,0.8552804476471609
36896,0.8185192252183369
36897,0.7249832848601019
36898,0.8043937742445928
36899,0.8087792571632942
36900,0.920089220751049
36901,0.8299204000495
36902,0.5659552591268024
36903,0.46790213240103024
36904,0.6798216879069585
36905,0.7502826883721812
36906,0.6325536508418271
36907,0.51751891514754
36908,0.8497107798851641
36909,0.6243308139399057
36910,0.4947521925977682
36911,0.8705432138239517
36912,0.7345883386767541
36913,0.8674947371661071
36914,0.8150650670217547
36915,0.5162906139318413
36916,0.5893303182540984
36917,0.6710702028890722
36918,0.6650979849455556
36919,0.9431583501188455
36920,0.94605527497236
36921,0.5651257761463478
36922,0.6516982995725575
36923,0.6194176161451078
36924,0.8144972914836766
36925,0.4269767585561832
36926,0.7750459800107005
36927,0.7794015000207593
36928,0.7769511443274245
36929,0.5003366776576965
36930,0.5190185988570463
36931,0.873508477466751
36932,0.6456573352029187
36933,0.846277578007328
36934,0.7472611761081124
36935,0.7187507540008695
36936,0.7674068109601714
36937,0.7519534370309837
36938,0.8444725092151347
36939,0.33727658921471926
36940,0.6118774703429197
36941,0.7915862465726767
36942,0.6447906177780067
36943,0.8343684156388372
36944,0.6273848164359122
36945,0.7581393980713038
36946,0.42227350765832
36947,0.9222116848624003
36948,0.5711535208517188
36949,0.5477464178149456
36950,0.47651719745207216
36951,0.7163368053818349
36952,0.9461889677885025
36953,0.36624414225894664
36954,0.7248517953702093
36955,0.8197532738825236
36956,0.5309541440111439
36957,0.43295048370673417
36958,0.6408288590994806
36959,0.3695187424020248
36960,0.7720397962237623
36961,0.28835019258068656
36962,0.3220027858109478
36963,0.28647847490673967
36964,0.446587462058755
36965,0.36481750413463515
36966,0.585803855317227
36967,0.2489210894933634
36968,0.5297356113165892
36969,0.8777278065078369
36970,0.3198239075330756
36971,0.7941880169783772
36972,0.45020613854860725
36973,0.673669098920562
36974,0.8045567913843282
36975,0.15586358859008131
36976,0.5730229537848225
36977,0.44578923411844595
36978,0.40245221018062644
36979,0.44831901878470776
36980,0.8092883432447511
36981,0.21813043318344874
36982,0.5964775046179431
36983,0.28297379123758565
36984,0.5606660450134786
36985,0.3541723313560516
36986,0.6277412465086857
36987,0.6125840698283367
36988,0.2128714080417245
36989,0.6243371220405227
36990,0.5884038623347312
36991,0.8635179099455664
36992,0.17113278261039783
36993,0.6398964883562896
36994,0.3173274932825406
36995,0.6077016398809445
36996,0.2085899966753458
36997,0.5821823318374758
36998,0.7944265754235925
36999,0.665075444394407
37000,0.7264762864075422
37001,0.25454201246149677
37002,0.5972208625450051
37003,0.7597120758206006
37004,0.5431780680144703
37005,0.7532149788963154
37006,0.22348615583792392
37007,0.5883017928040728
37008,0.3250601382972834
37009,0.5086606544909964
37010,0.6532031830118756
37011,0.9129382598590686
37012,0.18583545585002018
37013,0.7442996910509095
37014,0.8558473296596547
37015,0.2327281166092147
37016,0.36082105345929816
37017,0.2826010589177851
37018,0.8394031738864227
37019,0.6840928987872437
37020,0.6633055515689836
37021,0.6937490524301402
37022,0.5534805320881463
37023,0.15891553499330482
37024,0.16560378728519287
37025,0.4446471911307107
37026,0.447511444816082
37027,0.5647545086031218
37028,0.6193932705884906
37029,0.5711734079689044
37030,0.15739201989591228
37031,0.33347843453926357
37032,0.4648100447709554
37033,0.9011869374938789
37034,0.663158354300165
37035,0.261344291658101
37036,0.3960322428481487
37037,0.763634218686429
37038,0.5187217246005479
37039,0.49894432465626776
37040,0.45383153619759103
37041,0.7743582515550143
37042,0.592479432009173
37043,0.42721111690232044
37044,0.6543479123986414
37045,0.519012116095262
37046,0.393902291791001
37047,0.38558257272187896
37048,0.3530825602559218
37049,0.6187467188325352
37050,0.6208082522958047
37051,0.6221679108316244
37052,0.8647179435700362
37053,0.6504570477665601
37054,0.1296388521378083
37055,0.2352290658614602
37056,0.346912859630622
37057,0.368659540974971
37058,0.46873060324422694
37059,0.6353192308769428
37060,0.7194348563275436
37061,0.6002120374891596
37062,0.5705573454049455
37063,0.5041862339806827
37064,0.456792057728551
37065,0.5276238717778962
37066,0.25078339246717496
37067,0.7410970158519221
37068,0.633351638383772
37069,0.5924463727263127
37070,0.6550834685810565
37071,0.5889324383109367
37072,0.2317059063904264
37073,0.44569867183931483
37074,0.53472994897585
37075,0.44584017683794724
37076,0.29035897370827
37077,0.34588743868147487
37078,0.9097453668976123
37079,0.9142176099048173
37080,0.4848727872720571
37081,0.6258641427764738
37082,0.4960428499822663
37083,0.2638212333478453
37084,0.3454637256511776
37085,0.5705289292318685
37086,0.2674170812679379
37087,0.4733213396225469
37088,0.3211623985972638
37089,0.5883077422934848
37090,0.7117539974152898
37091,0.3670754713695456
37092,0.35858738598586093
37093,0.4818374160354147
37094,0.2561620019609215
37095,0.7171466389889284
37096,0.2988680359106587
37097,0.3528013173615298
37098,0.3595649717067328
37099,0.7084848517965181
37100,0.47723346079781104
37101,0.40096929516370056
37102,0.1376204543433888
37103,0.5711079392819775
37104,0.687326192640421
37105,0.8279315791161993
37106,0.5295119961658672
37107,0.7516629132444389
37108,0.36055065541220543
37109,0.17301884800489264
37110,0.3703909178433183
37111,0.3693172352998017
37112,0.6346018326514412
37113,0.2289680681499703
37114,0.7552232511628101
37115,0.4994562134747937
37116,0.5368169953715306
37117,0.6202049609381528
37118,0.6479935993045322
37119,0.7643291259788431
37120,0.26329310480556417
37121,0.6456114934334382
37122,0.5784759686594385
37123,0.6096796706351763
37124,0.3602944088606199
37125,0.7547020753106453
37126,0.544664967871451
37127,0.2996982279095143
37128,0.5957127661965871
37129,0.45023024978240883
37130,0.6843013120344861
37131,0.5688096376333545
37132,0.7219333207207206
37133,0.6156842427849941
37134,0.45157358743797943
37135,0.7803699597289588
37136,0.31621225119338864
37137,0.43406953927213304
37138,0.5416495723822398
37139,0.43211073122687466
37140,0.8509299148353492
37141,0.8322404365721869
37142,0.5060903532760328
37143,0.4402996754418331
37144,0.4791039648842272
37145,0.5073952650761943
37146,0.4094929455775133
37147,0.3421448136651584
37148,0.38470310977678657
37149,0.3998539674889887
37150,0.2807004904116999
37151,0.33265027644951806
37152,0.21176907496608693
37153,0.3067173875635748
37154,0.41090128472914295
37155,0.4310180634754491
37156,0.4815564954375495
37157,0.678465780920607
37158,0.49856525418113534
37159,0.43309741107916927
37160,0.3331715802515895
37161,0.43792879685082775
37162,0.4120321887674626
37163,0.5111217544880565
37164,0.37123474009814605
37165,0.7507659160630137
37166,0.19803536930191248
37167,0.6594313671242595
37168,0.3100895898262872
37169,0.843077777756048
37170,0.8226463733797518
37171,0.3549588528408949
37172,0.305757602546673
37173,0.5620565737021118
37174,0.6997194024933612
37175,0.764175638820788
37176,0.6802058760041643
37177,0.4642401366086974
37178,0.6218222366957837
37179,0.30348309197271717
37180,0.6278965454258699
37181,0.4194550268482256
37182,0.6840205945938245
37183,0.31246240983491236
37184,0.35633334729533195
37185,0.2088517577921585
37186,0.34862533363018405
37187,0.6325125368724075
37188,0.441899343447396
37189,0.40492592807334266
37190,0.7116978663514584
37191,0.6023200390491299
37192,0.41440636684643234
37193,0.3881481391643422
37194,0.363538188505438
37195,0.37246122156483485
37196,0.2986238108416931
37197,0.1853099182363248
37198,0.622287363781941
37199,0.5542774878837423
37200,0.3840283624686948
37201,0.6829784457881962
37202,0.24447054733794446
37203,0.6687141939686104
37204,0.38760950806021166
37205,0.2728153718387657
37206,0.6032921394570532
37207,0.33919265615383504
37208,0.7511611351954736
37209,0.18911227932784413
37210,0.5507383430301758
37211,0.5931402482763912
37212,0.46154061859263623
37213,0.6765907904419385
37214,0.39164802601156695
37215,0.4587843995518683
37216,0.6404465870436823
37217,0.194268767382398
37218,0.5686283238008301
37219,0.6298190998388719
37220,0.29516116082839644
37221,0.39609376907860105
37222,0.45124955777721326
37223,0.2683365094003312
37224,0.5258036853882613
37225,0.841745595615986
37226,0.29943054994266005
37227,0.4798197617460302
37228,0.7253731186378956
37229,0.3344648142347824
37230,0.5415089233557508
37231,0.37358856867022316
37232,0.4214163425197333
37233,0.47611300732278006
37234,0.6476662219903836
37235,0.7076914380196627
37236,0.7539647956460771
37237,0.5147455095713089
37238,0.773353506804908
37239,0.3938267944873193
37240,0.3196255625850106
37241,0.6155377736495125
37242,0.464361470912775
37243,0.6501860154860226
37244,0.5516031523060831
37245,0.2670600496756578
37246,0.5923164773229075
37247,0.20866383275064904
37248,0.6295220936787161
37249,0.4318420105420908
37250,0.6280003498851685
37251,0.8111222768523885
37252,0.21997401503770872
37253,0.6307231816245131
37254,0.34866920462639506
37255,0.38902971063809344
37256,0.24364453963652669
37257,0.1652430680380196
37258,0.5828217645425223
37259,0.6665814065156906
37260,0.802869061968426
37261,0.43472727597994454
37262,0.7221289112049158
37263,0.24724893553147798
37264,0.28491135734847856
37265,0.15738424703601384
37266,0.24186477683266325
37267,0.6658112148717963
37268,0.2883582019598707
37269,0.754983494001122
37270,0.297967098312608
37271,0.7393020527424814
37272,0.5303253039173454
37273,0.2611143425362054
37274,0.39567242275358955
37275,0.7391067260783076
37276,0.2889412845552295
37277,0.6145451089350115
37278,0.5880876909750502
37279,0.6693662776359975
37280,0.7693716040111817
37281,0.7274832302945017
37282,0.4847970870460395
37283,0.3576969785778171
37284,0.309013079120889
37285,0.31736338704107264
37286,0.5923001462601513
37287,0.16713656920802092
37288,0.2144649512374274
37289,0.8018558610800024
37290,0.7377685917069081
37291,0.5045612337853311
37292,0.6704512187808341
37293,0.7089592215123346
37294,0.6629956289948848
37295,0.3102489424982196
37296,0.3160202459019148
37297,0.718881619635339
37298,0.6121679628249017
37299,0.5701117175479912
37300,0.3713002073689997
37301,0.6945590590374994
37302,0.3775674037124015
37303,0.40969665900409485
37304,0.6638854405972316
37305,0.35450238089069347
37306,0.7742246433769251
37307,0.27399210069430113
37308,0.6425464175105866
37309,0.39912470859225996
37310,0.3935157522660535
37311,0.7673866615229749
37312,0.586990699674036
37313,0.23486790333670857
37314,0.37002463639611927
37315,0.6287015058750524
37316,0.21271204228432802
37317,0.1816730070848343
37318,0.40156112060244437
37319,0.2106587514636931
37320,0.24840450734172734
37321,0.1966562783326483
37322,0.34764590337535917
37323,0.6912980864659342
37324,0.4673771751102721
37325,0.5815901020290459
37326,0.7118120625884435
37327,0.5507255367872361
37328,0.6564715887078212
37329,0.5457443916626399
37330,0.7033209934291766
37331,0.6213265284846736
37332,0.37806455248833615
37333,0.48367739345018007
37334,0.6502222180748022
37335,0.4330821548682356
37336,0.5784395076034521
37337,0.5465111519023542
37338,0.8568824633679025
37339,0.21062545919056935
37340,0.2832218081530515
37341,0.5345050862489774
37342,0.7535742749653207
37343,0.6175370382017131
37344,0.6321376179308201
37345,0.3377607064979731
37346,0.7399506908354635
37347,0.5846881680156413
37348,0.6038381190171995
37349,0.6323345755555786
37350,0.4973494348974538
37351,0.6990696875786433
37352,0.6872471820084947
37353,0.4764962065521078
37354,0.7111248640457367
37355,0.39808838243164996
37356,0.5568566314230701
37357,0.5135652418532037
37358,0.5944644025033186
37359,0.41475292132858876
37360,0.45827846050315785
37361,0.5156649381464999
37362,0.7171915431556194
37363,0.32083124592341405
37364,0.5814151828905894
37365,0.4475850378285364
37366,0.44575990559245887
37367,0.232228064709084
37368,0.4956291689669849
37369,0.6814136700073784
37370,0.23699779484812325
37371,0.6676634863644876
37372,0.3261644918174528
37373,0.7982396003098313
37374,0.2799704489035166
37375,0.3636380542608074
37376,0.682703548207006
37377,0.2135774815953503
37378,0.7152797215833518
37379,0.44528490924679576
37380,0.7446282678444514
37381,0.772500288196255
37382,0.8062468345553416
37383,0.456145743255117
37384,0.39123478358985087
37385,0.6811780856692111
37386,0.20576881710822387
37387,0.178123755271027
37388,0.2514099407073713
37389,0.7224452061559088
37390,0.780989049074191
37391,0.519401293178246
37392,0.8612445165025082
37393,0.5490702087776677
37394,0.8184023289867148
37395,0.7522595007507755
37396,0.7012940431384802
37397,0.800946571741904
37398,0.8621215555627795
37399,0.6320274670868818
37400,0.827884095996222
37401,0.8856637204533389
37402,0.8827523085748943
37403,0.8409228840080768
37404,0.7188556511222299
37405,0.6613215014359767
37406,0.8795711078446065
37407,0.6806487937733366
37408,0.65565928178105
37409,0.9219895899312568
37410,0.7224021393676898
37411,0.8211803848258207
37412,0.8022758733154991
37413,0.7519470375813272
37414,0.7365653523106529
37415,0.5351228905907052
37416,0.6637838713681403
37417,0.7374786773684415
37418,0.7253256914684215
37419,0.8053322726988962
37420,0.7597230468066634
37421,0.6746623699530733
37422,0.686932313713374
37423,0.7551870550214301
37424,0.775050611903205
37425,0.35973720187066965
37426,0.7018465703417744
37427,0.6444937946979543
37428,0.5867756537844047
37429,0.8307454646653052
37430,0.7133734440761124
37431,0.9004807572585346
37432,0.5726939982297536
37433,0.6983743464169143
37434,0.5778573681039076
37435,0.47958609337584124
37436,0.8641246254981433
37437,0.5263001952632778
37438,0.3888565140895788
37439,0.3640780754915044
37440,0.8217614763658464
37441,0.618735781765552
37442,0.6731351597071741
37443,0.6844741332214138
37444,0.6259747019567803
37445,0.6422303593115752
37446,0.37808251277723953
37447,0.689603922867137
37448,0.6997183588150732
37449,0.7398271044154301
37450,0.6964085891853344
37451,0.7160853988192506
37452,0.7929373255072865
37453,0.7732509794078728
37454,0.6355865597996699
37455,0.6463452782457149
37456,0.8719519410278671
37457,0.8179797288454251
37458,0.6671855503176705
37459,0.660247207943802
37460,0.42189670220012
37461,0.767429632535803
37462,0.6180303816496527
37463,0.9006629126107543
37464,0.28563476072898525
37465,0.5802040344954708
37466,0.36218429358817844
37467,0.3475133794600231
37468,0.5494204934591815
37469,0.41040657432417604
37470,0.34842857585364057
37471,0.5118785180692828
37472,0.533427537837961
37473,0.4473862300944975
37474,0.8930008993549968
37475,0.6135157135701765
37476,0.4918016946925314
37477,0.3680798448278685
37478,0.24203904967949813
37479,0.8815778275877904
37480,0.3942587662586724
37481,0.6449975637733186
37482,0.8301044576152073
37483,0.5004327528003614
37484,0.49286565147200556
37485,0.634497337722011
37486,0.4125948018455557
37487,0.32249776896897675
37488,0.7084385736309182
37489,0.5609444449210532
37490,0.3008333890018753
37491,0.7934948219461394
37492,0.706780998481507
37493,0.22603119284666248
37494,0.6369453089228214
37495,0.448549122028292
37496,0.5009844528063134
37497,0.45403378312751036
37498,0.6094034553665163
37499,0.15050191210453953
37500,0.22841220134992896
37501,0.5717183237823997
37502,0.3441067894021714
37503,0.4773338314811542
37504,0.37074881945612215
37505,0.33447712082921977
37506,0.2980306573370273
37507,0.2688885622275963
37508,0.6697117995823465
37509,0.6655066298670772
37510,0.6403158712357448
37511,0.5851299286676751
37512,0.39275449685100366
37513,0.4078288875732803
37514,0.4117026718450208
37515,0.25227802985252595
37516,0.7355865316054644
37517,0.29204984913649074
37518,0.3729459276708733
37519,0.5845368016475501
37520,0.3266979678633431
37521,0.45062326377715567
37522,0.31993078395731794
37523,0.5712123558288775
37524,0.1826736528739456
37525,0.34005635331616196
37526,0.5089432603844768
37527,0.31375128850909567
37528,0.18977508536322762
37529,0.7189026272089429
37530,0.5372179755983433
37531,0.2585304749296138
37532,0.6465178023112991
37533,0.32922762682874784
37534,0.579425479314811
37535,0.26737712972966926
37536,0.3860220482094275
37537,0.4385907187639304
37538,0.3172040164695045
37539,0.3795021957410318
37540,0.852731681757805
37541,0.3119393994838988
37542,0.39746697687362587
37543,0.23437598238321575
37544,0.7892919303614614
37545,0.4387760386020657
37546,0.6142582369281429
37547,0.21491474144435932
37548,0.7057443755835883
37549,0.3995531423770721
37550,0.6526152461295784
37551,0.7929978284059755
37552,0.2697560871941556
37553,0.7934523402376764
37554,0.7165298582697034
37555,0.5895904599475124
37556,0.7577109647410148
37557,0.47962902067578206
37558,0.582527203166121
37559,0.5598897378945416
37560,0.43817150741246547
37561,0.30063846328148264
37562,0.42097001135761025
37563,0.35562784468580355
37564,0.4375670469370672
37565,0.3881479191534586
37566,0.5318146663555215
37567,0.553345950293189
37568,0.5313001756492808
37569,0.6146930414930498
37570,0.4412909034484586
37571,0.4842597070627005
37572,0.2755550205215915
37573,0.7617910458538706
37574,0.536362529424003
37575,0.4442191350593479
37576,0.6811015723874877
37577,0.42920476245736433
37578,0.4104710153910695
37579,0.22246045480138563
37580,0.5582932094066245
37581,0.6870487848435183
37582,0.5955446457064919
37583,0.18249650767045694
37584,0.5519414033396475
37585,0.5767418192929419
37586,0.41754859505456254
37587,0.40297209203424006
37588,0.5411037866701649
37589,0.7403194298203504
37590,0.6519375218386855
37591,0.6966470414065611
37592,0.5149823026525234
37593,0.23691697769030742
37594,0.20881792507998911
37595,0.6477696694279353
37596,0.6230414659435146
37597,0.32297774692989334
37598,0.3976558027688615
37599,0.5363649954593477
37600,0.5384986478552464
37601,0.24189196937792548
37602,0.8074456510694751
37603,0.6119172124608577
37604,0.5778935067107895
37605,0.1739906896307348
37606,0.2515204730364599
37607,0.5076054847051974
37608,0.3804016176435287
37609,0.5012893812753653
37610,0.3425293809651229
37611,0.5965595347646973
37612,0.5202033025213015
37613,0.4650806611111459
37614,0.5903937867754174
37615,0.22697427591530672
37616,0.6620010233744823
37617,0.6700441165246136
37618,0.3560421389373574
37619,0.6808610946206021
37620,0.4319984731324815
37621,0.6798985721755846
37622,0.801290108759622
37623,0.31906069098591355
37624,0.6051830029083805
37625,0.8092481605774872
37626,0.6234723136950518
37627,0.18575807431408217
37628,0.5800534219764539
37629,0.1841431825945451
37630,0.677112146496911
37631,0.6075906322845166
37632,0.6333358746099088
37633,0.6316779377639611
37634,0.24749091964044317
37635,0.489479074666992
37636,0.3054546892353354
37637,0.19808905646922495
37638,0.41366508264203666
37639,0.43604882399284517
37640,0.6218620206926863
37641,0.795365198643075
37642,0.16756912614449615
37643,0.3661961986584164
37644,0.3562858862588454
37645,0.639264204022255
37646,0.4545723447800121
37647,0.8108094736184763
37648,0.1891688479423736
37649,0.35334819266761414
37650,0.5604042761084805
37651,0.1847222948422508
37652,0.6057655621433118
37653,0.20747172956193455
37654,0.6984105860763434
37655,0.5981202488886952
37656,0.57537033513299
37657,0.6051374584918787
37658,0.6054115027461161
37659,0.1741547068745553
37660,0.30482889674623387
37661,0.5036046419933385
37662,0.5178251521067441
37663,0.518024592662668
37664,0.5954737534071589
37665,0.4082655285557834
37666,0.319188868864033
37667,0.38943654809252815
37668,0.2233103493517113
37669,0.5298807946689047
37670,0.29427521037178106
37671,0.44968949469149677
37672,0.3747677233331283
37673,0.6622524810896337
37674,0.5576842569115027
37675,0.47087654410828556
37676,0.6084340826933128
37677,0.5210157883964744
37678,0.537044350822726
37679,0.4360093415953873
37680,0.6149626972037618
37681,0.3304848134089068
37682,0.6265410800295205
37683,0.3237456986140185
37684,0.3524062920412692
37685,0.903968641396865
37686,0.8961211649481685
37687,0.3541573441304153
37688,0.43635418246300006
37689,0.25175046575809235
37690,0.6253500613008086
37691,0.7028048271297996
37692,0.6126053781266999
37693,0.8617910479308212
37694,0.6793345320471794
37695,0.47627314486091266
37696,0.2802316499652428
37697,0.5435077288042331
37698,0.29240740488036776
37699,0.6600299710201216
37700,0.7607581536080534
37701,0.49084567205012236
37702,0.6350548297947889
37703,0.3835107092536669
37704,0.5047131012531819
37705,0.7027344720727561
37706,0.27746187826868984
37707,0.3539070257467346
37708,0.5802071154869511
37709,0.5494912438195215
37710,0.7360930850056413
37711,0.5765231815451067
37712,0.8914355610646003
37713,0.9122877495276166
37714,0.19841150065912044
37715,0.19170463833612217
37716,0.30712148470081807
37717,0.26258769567936274
37718,0.4006089200020859
37719,0.41132541685451934
37720,0.3046204915732087
37721,0.6958542650984207
37722,0.5154330164961624
37723,0.32239331279579186
37724,0.6819066063255089
37725,0.3590723070547623
37726,0.40682003128030003
37727,0.2929225279367962
37728,0.34835690354221044
37729,0.5973156713684019
37730,0.5181468649469386
37731,0.28021940568511305
37732,0.29421088450738103
37733,0.2557392794861123
37734,0.6567161662254001
37735,0.17285893162464547
37736,0.8163876603785067
37737,0.6310456170529469
37738,0.6500330394788634
37739,0.165357419030936
37740,0.645388026265648
37741,0.3223748660284587
37742,0.7919208658324154
37743,0.4841207225969625
37744,0.7051216160318128
37745,0.6098962259600692
37746,0.9653903160484429
37747,0.1973934418221571
37748,0.6681304486345514
37749,0.7644499765934707
37750,0.7397209751859941
37751,0.4412230399467056
37752,0.5842039457549657
37753,0.6930635128051945
37754,0.5248307099311355
37755,0.40899710458429206
37756,0.583019966060853
37757,0.4141138888341454
37758,0.47098093075805275
37759,0.8904101001341111
37760,0.3096091215766249
37761,0.4828093629564258
37762,0.22327151941320889
37763,0.32562418806373183
37764,0.6738985279430504
37765,0.40649913339533217
37766,0.57804765275605
37767,0.6838497375539115
37768,0.5883687802304128
37769,0.6999080858730644
37770,0.663618135335266
37771,0.9553786578329103
37772,0.8446649104498849
37773,0.8405610859473917
37774,0.742288916557509
37775,0.7632477266951236
37776,0.581407672625165
37777,0.747956772462114
37778,0.5520650968820362
37779,0.6319403284819776
37780,0.5055535972553895
37781,0.7457940324034581
37782,0.735198237094136
37783,0.7026110579858442
37784,0.6403973247210466
37785,0.8673413391053496
37786,0.48319907760364933
37787,0.920485691539691
37788,0.4869240285241811
37789,0.8549741126477864
37790,0.9245976965981731
37791,0.8830192558502791
37792,0.8375899926584992
37793,0.8544605664403979
37794,0.7763936222322314
37795,0.6744222389751379
37796,0.676897111805537
37797,0.7943355463122671
37798,0.5567488098027884
37799,0.7511076387951378
37800,0.5180243446308804
37801,0.480200021803365
37802,0.6836615821258798
37803,0.35126057502375757
37804,0.5903317064480034
37805,0.6234609222187206
37806,0.6191915331893604
37807,0.28931260488847643
37808,0.4316407731834905
37809,0.6599997501349221
37810,0.5179358702882395
37811,0.6281491719825262
37812,0.7723681683676265
37813,0.7019820113334871
37814,0.828925394955562
37815,0.46345518995793566
37816,0.46714460682562503
37817,0.6180976199479872
37818,0.6049769747384727
37819,0.6297248309321638
37820,0.719766260168007
37821,0.8306013567682059
37822,0.4535781617543839
37823,0.5906418332640103
37824,0.5460350748483559
37825,0.43741136756669824
37826,0.4873349961746951
37827,0.13829912840595932
37828,0.3485702102679751
37829,0.7877529851263827
37830,0.4660341529009634
37831,0.4552732393276277
37832,0.5862458947215027
37833,0.41645460182941235
37834,0.2892454040510097
37835,0.6632225129673777
37836,0.3940323877415297
37837,0.5502509767014826
37838,0.6218838170922207
37839,0.19065208232911893
37840,0.5003733884388291
37841,0.6071784843241027
37842,0.2711581910513671
37843,0.4724088723159946
37844,0.3537679169880952
37845,0.34964217841529427
37846,0.3052649405594224
37847,0.6898233186070211
37848,0.6493609307327005
37849,0.7381787879859103
37850,0.7211448626670417
37851,0.8830390251866798
37852,0.30919641784564383
37853,0.3762373042125533
37854,0.18261574897831123
37855,0.4163639707764173
37856,0.4203207633166658
37857,0.6165872197439214
37858,0.5039347822286033
37859,0.5445326459927617
37860,0.518153802404812
37861,0.8032880708846567
37862,0.3521230018064298
37863,0.6084257763705812
37864,0.48832047728608274
37865,0.4408780282540554
37866,0.4622786863031126
37867,0.23311731438783126
37868,0.3955035475254139
37869,0.2386344158062733
37870,0.7158454367106807
37871,0.2539349123538082
37872,0.517652745577866
37873,0.6133312117930463
37874,0.49815955777215165
37875,0.2560264375300229
37876,0.49722048079768716
37877,0.4241557088352051
37878,0.2918328389256698
37879,0.6295903458665142
37880,0.791895262909524
37881,0.3216877478413973
37882,0.346047415925485
37883,0.48245193498256045
37884,0.41682866208710495
37885,0.27500426296954505
37886,0.23061437809596208
37887,0.6053114473484643
37888,0.24881572038410585
37889,0.3796102433732909
37890,0.592315449258348
37891,0.3543548212118975
37892,0.2911768573269324
37893,0.6305367945022494
37894,0.3777321697119487
37895,0.23429296488913023
37896,0.44769425183178096
37897,0.2367863764798393
37898,0.27605543000993715
37899,0.3815323195101154
37900,0.7861034775583755
37901,0.5463814447557369
37902,0.4838423879714092
37903,0.789392411002034
37904,0.6892408546252553
37905,0.18195559682188378
37906,0.33248846376653035
37907,0.178365418086177
37908,0.5203325312042758
37909,0.6583707887337706
37910,0.8519567522039894
37911,0.5386163305085879
37912,0.17517588188148644
37913,0.2293524611056147
37914,0.824141356909595
37915,0.5505094688772214
37916,0.23215209346183965
37917,0.5198055590798837
37918,0.24837817133775394
37919,0.6665038159740547
37920,0.5821236862926933
37921,0.4246281480782139
37922,0.8587684391302551
37923,0.2873779617712298
37924,0.5872474892965797
37925,0.4125350914300886
37926,0.813942939186893
37927,0.5609255328991872
37928,0.3317359856092982
37929,0.26249796334495723
37930,0.38337993315277047
37931,0.20532923239863296
37932,0.525257155388673
37933,0.597276145506299
37934,0.839844544914105
37935,0.5973989779220072
37936,0.2450929520738002
37937,0.722913932214247
37938,0.5940008935155687
37939,0.3768843802009655
37940,0.733126432538776
37941,0.7022425475879757
37942,0.39829671299997904
37943,0.8299727210298034
37944,0.4320033092216458
37945,0.35416677025557713
37946,0.3074521527798096
37947,0.6318759558227881
37948,0.27780312357940934
37949,0.22462703152997437
37950,0.28622167767295115
37951,0.32753363413541486
37952,0.3420893487733002
37953,0.6231998960486654
37954,0.4817214115784138
37955,0.5764281229717517
37956,0.31966526205991536
37957,0.7612862329629764
37958,0.37558370642625877
37959,0.5704311498692717
37960,0.42090933327207075
37961,0.6953539311379526
37962,0.5409188561659225
37963,0.35960472570941204
37964,0.19954080507492652
37965,0.6620780099833754
37966,0.4790494937724044
37967,0.3232101443020903
37968,0.4360271525442115
37969,0.6193250372290572
37970,0.7019227204959518
37971,0.471761155907264
37972,0.7051936417091768
37973,0.5186525278959964
37974,0.8174437229671369
37975,0.6207835072908724
37976,0.6404857099617013
37977,0.2843321996905319
37978,0.3409349284631502
37979,0.33632675215025515
37980,0.45816820422297466
37981,0.6374119974238384
37982,0.13860616683742416
37983,0.5118708657664691
37984,0.24590357942309346
37985,0.5404299713672518
37986,0.8786547161032074
37987,0.40573638424424113
37988,0.5903115618336445
37989,0.6154310592975255
37990,0.818806907216845
37991,0.5735211496742417
37992,0.3715284086818515
37993,0.6804910974803254
37994,0.37048149520197804
37995,0.32036548112327523
37996,0.2232650175457532
37997,0.8211020076953156
37998,0.6754498453008956
37999,0.1455274337629075
38000,0.3165022639022661
38001,0.3372755999922013
38002,0.2555748802867318
38003,0.22258548555644214
38004,0.33235916352730116
38005,0.600614753150556
38006,0.38779366498288753
38007,0.2734323636026808
38008,0.5185603184491748
38009,0.27452190430305423
38010,0.6355787237019402
38011,0.2737514171650992
38012,0.6290187608306644
38013,0.268761851626763
38014,0.40425364996726426
38015,0.5648788833250415
38016,0.5278024100448683
38017,0.4220942850749692
38018,0.14244789345464076
38019,0.58346333278572
38020,0.6783658541607526
38021,0.6219991022467776
38022,0.4573009962675744
38023,0.32400851370624734
38024,0.4141761671924835
38025,0.7676755176463965
38026,0.6851955279105498
38027,0.5699957887841305
38028,0.648822189939151
38029,0.6531791964341691
38030,0.8149345607049053
38031,0.658149617629452
38032,0.646213547094387
38033,0.7465990668055689
38034,0.637094082876763
38035,0.7209791970870878
38036,0.2677011075436322
38037,0.6714440819219277
38038,0.8264767400818845
38039,0.3510974378350215
38040,0.7355883454283725
38041,0.5842625663528369
38042,0.26896264986877416
38043,0.38474965190820776
38044,0.5852187997415037
38045,0.30505077217004406
38046,0.5444589130217381
38047,0.5202518392328573
38048,0.478346049435722
38049,0.33172436866391636
38050,0.7623550015601362
38051,0.2943671660540633
38052,0.31844638653167195
38053,0.1876259356294694
38054,0.6127126854484366
38055,0.48048561260312167
38056,0.3770749799419737
38057,0.13869120460840462
38058,0.28694822942001696
38059,0.8875177897635701
38060,0.69752855906372
38061,0.34589393493999815
38062,0.33162018462400034
38063,0.4159932884359924
38064,0.7709219755669867
38065,0.8407572993327068
38066,0.27156766063509846
38067,0.36377743139451146
38068,0.7802121069191624
38069,0.47710940615083347
38070,0.7744757416905313
38071,0.3080103496881936
38072,0.25477793483006067
38073,0.32642828291864273
38074,0.36856478560218753
38075,0.7093232228020225
38076,0.5872083484518824
38077,0.37116158364276564
38078,0.42116935423199164
38079,0.33967586125550164
38080,0.3807451156409192
38081,0.5235984181224724
38082,0.384362577095363
38083,0.6479007516101198
38084,0.3880833256575687
38085,0.5312120754531381
38086,0.1938715137348417
38087,0.46497038674831676
38088,0.8694988666833312
38089,0.43889397747520015
38090,0.6845573445288251
38091,0.42005658441565596
38092,0.6281393609646411
38093,0.7768238864238176
38094,0.7628033849713557
38095,0.4225838331014564
38096,0.4520273702148333
38097,0.40892799098601984
38098,0.29193956893295364
38099,0.37796827802148464
38100,0.5753114713660136
38101,0.3843966462566301
38102,0.6278581408090558
38103,0.4114617647353569
38104,0.32142566621375795
38105,0.32954994200810456
38106,0.3856374587223565
38107,0.5599731353291791
38108,0.20232839438082043
38109,0.5618786678184222
38110,0.3636796310965896
38111,0.6099236194170387
38112,0.21129803079285553
38113,0.704756395699662
38114,0.3686990191219085
38115,0.8034104501514373
38116,0.5587432762067643
38117,0.37511258925881175
38118,0.2366412610286403
38119,0.4005534059179791
38120,0.4051632324619178
38121,0.3128817718990276
38122,0.43867597980408446
38123,0.29368935391207746
38124,0.5862233107923556
38125,0.3089914917832441
38126,0.36009610720029583
38127,0.5129312685288133
38128,0.8414054836584605
38129,0.5624810591214552
38130,0.5352297809590927
38131,0.30241800571782534
38132,0.2495118631009655
38133,0.6228205361308641
38134,0.30371466894976396
38135,0.30016977637145736
38136,0.46333540253635697
38137,0.33781026080132287
38138,0.1809276801468739
38139,0.7496440795342901
38140,0.36546032396358014
38141,0.40543311901258255
38142,0.14207301095594993
38143,0.4501126271387348
38144,0.9242764886133297
38145,0.37357868650844306
38146,0.6396359949029232
38147,0.604672742792049
38148,0.3892750740223961
38149,0.22160553438731173
38150,0.33868907606741155
38151,0.2811475744926881
38152,0.5138267090724269
38153,0.535407800236536
38154,0.6663883320336854
38155,0.47692208902707106
38156,0.76735204593624
38157,0.23932306781874882
38158,0.2598970398792256
38159,0.6054435591857786
38160,0.5897328211813097
38161,0.6228908341921828
38162,0.5171083822229032
38163,0.6974570383264178
38164,0.23927642887105852
38165,0.4978858291431068
38166,0.725896374573438
38167,0.3555296468478701
38168,0.4651846389072011
38169,0.5997219671844563
38170,0.5130117758185737
38171,0.14426531526163028
38172,0.7507857376795166
38173,0.5874740467098024
38174,0.5441461875199997
38175,0.6003033574064407
38176,0.4248495673773703
38177,0.2984605816814553
38178,0.822903888037098
38179,0.6883500391827898
38180,0.6353957372554819
38181,0.5715417355741224
38182,0.44482706850941267
38183,0.754666069709559
38184,0.3558996458226218
38185,0.27951844912348456
38186,0.5638100586225728
38187,0.2527032912695359
38188,0.41708247562049705
38189,0.7324269181925831
38190,0.597927030105836
38191,0.3153660698288644
38192,0.7921125234128186
38193,0.574736782464979
38194,0.5503641313356543
38195,0.48725640755815075
38196,0.4268163109866313
38197,0.7249509313842215
38198,0.912077554507465
38199,0.5779043182719662
38200,0.771606296791523
38201,0.6117053533803776
38202,0.3362962930216257
38203,0.2553064430649047
38204,0.6175087894848543
38205,0.35563583670493637
38206,0.5418594502224233
38207,0.5035987405808067
38208,0.3080453677917345
38209,0.4020201172736575
38210,0.5013041693530288
38211,0.6890616316061604
38212,0.8991274593850721
38213,0.45624850826363156
38214,0.41414239271010844
38215,0.4334441466641636
38216,0.6796658103244381
38217,0.4887783430671117
38218,0.27266014389082693
38219,0.5067275545993771
38220,0.61766143912678
38221,0.6327121969688815
38222,0.5414240230160982
38223,0.5293489005687513
38224,0.24807288277646347
38225,0.5894057142302133
38226,0.3347292553083336
38227,0.5607656960206022
38228,0.7009464714315304
38229,0.24681160227198817
38230,0.17684770884606651
38231,0.7103502354172578
38232,0.7260202658528542
38233,0.6441185726156318
38234,0.7707609253302465
38235,0.28332913491651546
38236,0.8558974452983455
38237,0.8917159315517403
38238,0.8830300973070563
38239,0.7545921192152016
38240,0.5294952945267962
38241,0.8016168570408826
38242,0.7352791299367752
38243,0.8981679367152542
38244,0.4825612585802572
38245,0.7562134534003327
38246,0.37602168297333005
38247,0.553606462043385
38248,0.5372972274808943
38249,0.5498406478819987
38250,0.6356369840562991
38251,0.5016691557889118
38252,0.7982083951697234
38253,0.701502052694942
38254,0.6626564637168133
38255,0.8245430474409289
38256,0.6916307809399497
38257,0.6976793113176788
38258,0.8587015738416759
38259,0.8337674220832899
38260,0.6806930337525954
38261,0.5661239222763159
38262,0.6277031772305729
38263,0.4884244754863923
38264,0.8340201964294965
38265,0.6745094769873328
38266,0.7134603312980021
38267,0.4436119193522461
38268,0.8222950674971342
38269,0.7566655649447942
38270,0.5830572587750242
38271,0.8339324101087255
38272,0.8068061969029586
38273,0.37650035688952843
38274,0.94349679675052
38275,0.5461036288895761
38276,0.774051709466642
38277,0.7539197096455291
38278,0.6671255480475905
38279,0.4682142255319643
38280,0.5729664153597395
38281,0.7226666848980056
38282,0.8921103715332485
38283,0.8596712987988042
38284,0.6650195558872175
38285,0.3241150814615435
38286,0.4793100916615098
38287,0.32542773253588986
38288,0.6187528926912194
38289,0.5342160571545683
38290,0.5236690353325766
38291,0.5391293352842814
38292,0.6635377692135508
38293,0.5730745625277236
38294,0.5752282892946659
38295,0.6087737841209653
38296,0.7242233598455723
38297,0.6247011907420436
38298,0.27568222592868497
38299,0.5107686214341238
38300,0.4931660386567326
38301,0.2696181224433175
38302,0.253765008630952
38303,0.5809283693947221
38304,0.2031220036081504
38305,0.8314180155147802
38306,0.688792019776533
38307,0.7431259392215882
38308,0.5488316771365718
38309,0.4629770538620722
38310,0.27847346262763645
38311,0.9485887874675367
38312,0.5435847874195904
38313,0.7887218382784523
38314,0.6092564745474176
38315,0.4497814288990598
38316,0.17094441320890924
38317,0.8049462336934582
38318,0.3614455036349304
38319,0.5548482217940669
38320,0.24001831725988684
38321,0.5797269345936307
38322,0.5237295754277821
38323,0.23194942664533033
38324,0.7745506669777871
38325,0.27052952113300727
38326,0.6308839086454533
38327,0.4134123126066567
38328,0.8316006178616496
38329,0.5991111418657655
38330,0.25799565162032895
38331,0.43048733410789924
38332,0.5433270399973774
38333,0.6328703292137581
38334,0.16474668048625846
38335,0.29851990203846746
38336,0.3745970514930723
38337,0.5276151096063764
38338,0.19783525925474257
38339,0.7502479810059787
38340,0.37223846449484016
38341,0.8224224216457096
38342,0.25377937825358854
38343,0.9231310057558084
38344,0.49667281721153816
38345,0.48836755751777045
38346,0.4121319033965198
38347,0.621488555748642
38348,0.29253958749051534
38349,0.4015378219608114
38350,0.2918480091153493
38351,0.43171343213579705
38352,0.5390114249344611
38353,0.9138060786989884
38354,0.3074942073515837
38355,0.5371205663074575
38356,0.46805822398869734
38357,0.34521036833812613
38358,0.5489178738104828
38359,0.6742845883461565
38360,0.34500069297697245
38361,0.6723840267522604
38362,0.23630445177640802
38363,0.21801585921140576
38364,0.6789773151976629
38365,0.2737178093810331
38366,0.6044216779938559
38367,0.8590539380291943
38368,0.4789967054036669
38369,0.4168489484699661
38370,0.2727426835186521
38371,0.3564799357455811
38372,0.2843841091008183
38373,0.6554055326013747
38374,0.4458322051159165
38375,0.24922014226958086
38376,0.2432727363931036
38377,0.8926319855466504
38378,0.43888307688442235
38379,0.6351471930329105
38380,0.36686388400520975
38381,0.8395767677624426
38382,0.5469218870706878
38383,0.7243554668515668
38384,0.658407100841296
38385,0.22887901204264277
38386,0.4011290390708346
38387,0.1931711105537003
38388,0.6012419652750234
38389,0.16195888905251155
38390,0.177245118578063
38391,0.1841224379617784
38392,0.5460160117499536
38393,0.5111952511270046
38394,0.2456388829547351
38395,0.8692869878135671
38396,0.6305698062144569
38397,0.43365295466335196
38398,0.5948854489129468
38399,0.9182481604852099
38400,0.421856734230871
38401,0.7516451418790769
38402,0.820374479055533
38403,0.2928429930605222
38404,0.5807780899925832
38405,0.4312982287710938
38406,0.34892416521835967
38407,0.47390895893520985
38408,0.8687638830507017
38409,0.8557019849473825
38410,0.22960234954888328
38411,0.37375935452495485
38412,0.32806785497192814
38413,0.8313663842787252
38414,0.6309965923381972
38415,0.47695073469070237
38416,0.2859796673711617
38417,0.27407256723406587
38418,0.5352058304867546
38419,0.5994699198783233
38420,0.48362501970231186
38421,0.4467313398265351
38422,0.7464136070353162
38423,0.18669529622886483
38424,0.2095872918608693
38425,0.2300018328908199
38426,0.37501659650468655
38427,0.24029074229685185
38428,0.6179543675043495
38429,0.21939698578827746
38430,0.2481186335126569
38431,0.7153855131408735
38432,0.3553616946918024
38433,0.34072981905717753
38434,0.358184422718712
38435,0.2623496129360852
38436,0.43990576192965003
38437,0.5306949201384484
38438,0.2706453793656865
38439,0.3490445354013427
38440,0.33098568864411976
38441,0.7474236940125494
38442,0.5789972244543804
38443,0.7070243884676014
38444,0.2892815659439806
38445,0.3238545077278599
38446,0.2508049104627874
38447,0.159774639171873
38448,0.3676958309543437
38449,0.47714487383430604
38450,0.20006808925852104
38451,0.630705197197258
38452,0.2932828292600585
38453,0.6518997757230808
38454,0.3572310278506968
38455,0.5844373924730192
38456,0.7213855935527164
38457,0.26548663580761933
38458,0.6683396026140354
38459,0.6568145090890456
38460,0.532914056697662
38461,0.49796065847652404
38462,0.6360807517061232
38463,0.21841551354976665
38464,0.5944448213504382
38465,0.47678854667024595
38466,0.7255720325227677
38467,0.6387428641297016
38468,0.8133428127848092
38469,0.6073663879286524
38470,0.2428826839446109
38471,0.337404304656675
38472,0.4680135719105101
38473,0.5293302406294944
38474,0.4011530955039051
38475,0.20129329595620055
38476,0.35096622725003374
38477,0.5276537506116398
38478,0.4162185900375621
38479,0.5634254096968306
38480,0.6364320325406266
38481,0.6050023390162821
38482,0.2760018608586989
38483,0.31239110164764816
38484,0.4289854794607982
38485,0.4249022211837812
38486,0.2586312177758544
38487,0.19500260646009823
38488,0.670444744884681
38489,0.35540784720812874
38490,0.2710887188191388
38491,0.25938731633454853
38492,0.7433716853779713
38493,0.7167669915472399
38494,0.7381974389130961
38495,0.6771144872398128
38496,0.599335831262359
38497,0.7215006857159123
38498,0.4683931432019949
38499,0.5547150957059103
38500,0.6398546472161276
38501,0.24680827844533135
38502,0.8777185165024503
38503,0.5631399498908872
38504,0.4270091471102982
38505,0.42652806999836906
38506,0.26103771445668766
38507,0.4523188820515297
38508,0.5124114612062048
38509,0.3029195127820906
38510,0.4938772996433551
38511,0.5872905885856885
38512,0.7703622289853244
38513,0.33517222894838333
38514,0.3706104124987148
38515,0.24131428405421285
38516,0.6234085410502799
38517,0.5655339243878186
38518,0.5979898275836337
38519,0.6580336324543137
38520,0.5336120973056121
38521,0.7413537105541476
38522,0.23150750947750223
38523,0.5959407337984858
38524,0.12103887863243161
38525,0.5221451909630068
38526,0.4228092218700758
38527,0.26677390155325126
38528,0.1606140661618082
38529,0.2213769951529768
38530,0.6478468126572725
38531,0.4845630441729238
38532,0.6368049018361424
38533,0.3300051759652611
38534,0.6162426968415541
38535,0.5303053712981901
38536,0.30437453314570884
38537,0.2886484250550615
38538,0.28455781678397885
38539,0.24588683740646777
38540,0.5255516749394993
38541,0.3108995503501221
38542,0.6690357345905333
38543,0.5581970111924075
38544,0.7160033957901736
38545,0.6639194199560494
38546,0.2649304717470415
38547,0.20948485695064575
38548,0.3055652655014031
38549,0.6420133268190535
38550,0.5616678268533722
38551,0.4342887250787105
38552,0.7195773928482503
38553,0.4329017383765623
38554,0.29139502198990297
38555,0.29110626937469003
38556,0.3241426595695613
38557,0.5372328703716562
38558,0.4893185163591857
38559,0.5308815808784477
38560,0.4630089460389255
38561,0.1913458128712056
38562,0.6874406454718337
38563,0.802310166322338
38564,0.6654613158065928
38565,0.32831252871631705
38566,0.7407448570378058
38567,0.17977869101157162
38568,0.6879215213385361
38569,0.581645257570152
38570,0.1552454417999929
38571,0.2658684556023963
38572,0.3352406164110535
38573,0.4863237956867127
38574,0.16230062835595066
38575,0.7308140833871433
38576,0.30292479138445166
38577,0.41156635427056737
38578,0.4765080277718156
38579,0.8552588595101939
38580,0.6001452464005034
38581,0.3606622834259912
38582,0.40983795763045133
38583,0.47556770424220596
38584,0.4281658112227898
38585,0.15092470842995406
38586,0.24313028933967545
38587,0.3214307809193691
38588,0.5185577553313805
38589,0.1571080735615296
38590,0.497124658654274
38591,0.5969025637413933
38592,0.7733736702610874
38593,0.4104586276495149
38594,0.40167951328876095
38595,0.27845521321654143
38596,0.2495674399647172
38597,0.2373963312171713
38598,0.6065922580078168
38599,0.6583466049238623
38600,0.4027814916607739
38601,0.8005274789974177
38602,0.6914512556205885
38603,0.6324595901400512
38604,0.6681221312974948
38605,0.269260464780434
38606,0.5669136289217585
38607,0.15200076767149925
38608,0.5879214915186884
38609,0.7588074060429114
38610,0.4704429988890925
38611,0.6053260789423363
38612,0.756558809188126
38613,0.28848553851924813
38614,0.2958270984322132
38615,0.3056894596815044
38616,0.6854823126864856
38617,0.6979767458670565
38618,0.41738656845031463
38619,0.3386242300956453
38620,0.4347661664934381
38621,0.18226494226643614
38622,0.31740235931029886
38623,0.5592909921113909
38624,0.6432277996700649
38625,0.6493085881843138
38626,0.27041273002830724
38627,0.6386133284633306
38628,0.6183384960329881
38629,0.16443951957371114
38630,0.7246708222463256
38631,0.4584119810916654
38632,0.45436622534486415
38633,0.3334673182098615
38634,0.37143813709911283
38635,0.42087811229906597
38636,0.4866243449249247
38637,0.6409755193227437
38638,0.5500748656303973
38639,0.6522297957935993
38640,0.511064238229183
38641,0.6597336633981316
38642,0.8624950773301278
38643,0.4618794432610846
38644,0.21414445086022568
38645,0.2518381778600761
38646,0.768029410008596
38647,0.21870349847816342
38648,0.4246787407577278
38649,0.4068707868948389
38650,0.15532632499685398
38651,0.5492942686398123
38652,0.14542404115884563
38653,0.5959173993351864
38654,0.46119769013501904
38655,0.268717270404664
38656,0.5604677431170998
38657,0.6678668131972055
38658,0.5856985415952809
38659,0.4125040233914874
38660,0.7158426619865329
38661,0.6732393663771695
38662,0.206179859792356
38663,0.3139643291262392
38664,0.49453637438698855
38665,0.7457402314992759
38666,0.6006803749121264
38667,0.6382627284458039
38668,0.6606668704502303
38669,0.7952629341190882
38670,0.6480854847607811
38671,0.7477346965071328
38672,0.5239811573088067
38673,0.5689683309390985
38674,0.4224927600255026
38675,0.5327212397830677
38676,0.25598923020387054
38677,0.4836959040076208
38678,0.29491482958526033
38679,0.4765657350195894
38680,0.38387307584799973
38681,0.7525060071502144
38682,0.5896832816667323
38683,0.6415038530156596
38684,0.4614947151403911
38685,0.406465095170509
38686,0.3228990838065139
38687,0.5055683608537451
38688,0.6014094499891743
38689,0.4004549652067012
38690,0.6082838428283612
38691,0.3830358997706904
38692,0.7844993836895717
38693,0.47301611739579225
38694,0.6095006427499059
38695,0.764011948591969
38696,0.4955728245233126
38697,0.7509330111819186
38698,0.4772196344011621
38699,0.36642447527366706
38700,0.3157965754391875
38701,0.4750360675300219
38702,0.5093841509188233
38703,0.663051709454928
38704,0.6962812432512129
38705,0.5203630798354792
38706,0.2045280698153457
38707,0.7116353043039998
38708,0.616297134609055
38709,0.26594253035340476
38710,0.8474609927938356
38711,0.7997550401277215
38712,0.8772511634236206
38713,0.6585439925509838
38714,0.9273005654164883
38715,0.6178442430105094
38716,0.6636529860284558
38717,0.4762999870390291
38718,0.863216282242824
38719,0.805032062722915
38720,0.8231618511584574
38721,0.9190566069946304
38722,0.8352882935073819
38723,0.5691638396970956
38724,0.4234059575644736
38725,0.7006213318508739
38726,0.49820572863867957
38727,0.7190178251609047
38728,0.7070806892566822
38729,0.6219963671611884
38730,0.4882251746449619
38731,0.5526776059185486
38732,0.7153292700507473
38733,0.882080270146403
38734,0.6051950360131823
38735,0.7191655004739197
38736,0.5804264438781103
38737,0.8344803876683924
38738,0.7232812315549844
38739,0.7482141056230709
38740,0.7990369487975755
38741,0.8485138699435469
38742,0.8339153895647924
38743,0.5478695227416491
38744,0.334800211102542
38745,0.6369734781546452
38746,0.5870048707765131
38747,0.6293012698416381
38748,0.7628349147091245
38749,0.7828545338616152
38750,0.2808111454152667
38751,0.5083711651990125
38752,0.5717898928191152
38753,0.8269062497750883
38754,0.8033313461217937
38755,0.6646667670155049
38756,0.8767856721444793
38757,0.696674343855276
38758,0.7673339822971432
38759,0.7748850352340338
38760,0.6502041774747679
38761,0.5581257457134279
38762,0.4835582484569108
38763,0.5074566761795438
38764,0.6034346452627268
38765,0.6925065745558153
38766,0.2693183155291389
38767,0.5742569754890168
38768,0.49942166588651726
38769,0.5777235527207023
38770,0.8044020037457938
38771,0.3877021470035435
38772,0.41470917527939616
38773,0.5648297594502508
38774,0.5426825074255464
38775,0.9210321362305669
38776,0.5054435640960495
38777,0.5781830682697856
38778,0.4080116534282931
38779,0.6672295503267239
38780,0.2917138929113908
38781,0.7720280335077021
38782,0.6727674261847514
38783,0.43437539435105305
38784,0.5565976067258558
38785,0.27957375942648477
38786,0.6911994157134191
38787,0.5461158285199094
38788,0.8804837633764798
38789,0.3683373043363242
38790,0.5450794278052598
38791,0.2827905115398673
38792,0.6745205724919612
38793,0.17940981443268972
38794,0.9011198769247829
38795,0.5643024843040217
38796,0.6511638318260299
38797,0.6203444339475149
38798,0.6526349707295142
38799,0.5059938892646144
38800,0.7698574843194094
38801,0.6421409031147324
38802,0.5629623019366781
38803,0.48517804757843896
38804,0.4433668905345436
38805,0.3543184126487081
38806,0.5756928072178076
38807,0.6172638886120592
38808,0.6016765666409398
38809,0.3861529745783975
38810,0.5075335154306805
38811,0.6976713910829722
38812,0.32242899352318427
38813,0.18847976880406944
38814,0.6073324438285889
38815,0.20890598440103955
38816,0.606162467510861
38817,0.6547372073536493
38818,0.8488419244312535
38819,0.38219392466486557
38820,0.7550377626554403
38821,0.2898195205149376
38822,0.6031447020021324
38823,0.3751703836036455
38824,0.5039606522145113
38825,0.5866141457696438
38826,0.32388622170598924
38827,0.4019210069702267
38828,0.5204427795882888
38829,0.6242975083143067
38830,0.6936656658418986
38831,0.3261697897293376
38832,0.6502186980749224
38833,0.3610978074165647
38834,0.6135829157945702
38835,0.6697509772405764
38836,0.5058429748855365
38837,0.482131529926031
38838,0.39401192740004226
38839,0.6243291193960174
38840,0.19370388388991613
38841,0.5695687895711317
38842,0.5677122925445173
38843,0.20202232013454088
38844,0.4288998402700331
38845,0.2881760774959441
38846,0.4628794138478648
38847,0.6389419272719875
38848,0.3059249853370748
38849,0.6642044626575228
38850,0.6789319010842277
38851,0.7976761282116941
38852,0.2696955334032322
38853,0.414287175532056
38854,0.325433155610358
38855,0.3442194942328916
38856,0.21591270859225967
38857,0.42260110037728565
38858,0.6614347965180264
38859,0.29250023855740614
38860,0.3550750166208014
38861,0.7734066158966822
38862,0.7017647644195183
38863,0.6843830516215785
38864,0.6354164693109178
38865,0.7319211590728277
38866,0.28516648902067393
38867,0.34107718587118746
38868,0.4309854364690989
38869,0.4348740302394997
38870,0.2794980830557692
38871,0.5183674278332966
38872,0.3434431863716165
38873,0.7145801890792043
38874,0.740741085257918
38875,0.31484059470913833
38876,0.3325200786975888
38877,0.30031505312551726
38878,0.25765368720589116
38879,0.7358228314604125
38880,0.2760110902688508
38881,0.12431081347632954
38882,0.4609415072916524
38883,0.31730810034285184
38884,0.12280814796418624
38885,0.5727616865417646
38886,0.3447416265034382
38887,0.5773069696340997
38888,0.20407622071973078
38889,0.21393001451656626
38890,0.3410118843318631
38891,0.6719928621843662
38892,0.542931685084481
38893,0.22337532929655235
38894,0.5654158520137846
38895,0.4857693450255551
38896,0.8518348666826513
38897,0.40424841092507197
38898,0.5229585099789609
38899,0.1860060514250383
38900,0.5126800034066655
38901,0.2601532978979647
38902,0.4536386949057051
38903,0.6093012313576388
38904,0.483293215073247
38905,0.4742813497398777
38906,0.5347851217805236
38907,0.1621540118038387
38908,0.2705537752598267
38909,0.20710122246424673
38910,0.18956425975035956
38911,0.3662760125744757
38912,0.39456903660984444
38913,0.6075867435073927
38914,0.4831705357655552
38915,0.8186857668557778
38916,0.23289810655201407
38917,0.3097381182051386
38918,0.2256930778959302
38919,0.8762867387841408
38920,0.347563955361251
38921,0.43288414202946857
38922,0.26238047922860225
38923,0.7108512180837997
38924,0.19812718698146864
38925,0.6065407235885205
38926,0.3492673577165604
38927,0.7043573004302474
38928,0.6758245325290686
38929,0.2187948739030392
38930,0.43550409919282984
38931,0.12093256095314332
38932,0.6714688805452682
38933,0.6026300115542971
38934,0.49671611490459666
38935,0.6522239085494749
38936,0.6105110462255784
38937,0.6080695455539206
38938,0.6005723106804116
38939,0.5855307976203814
38940,0.28861003786832656
38941,0.5729983178072576
38942,0.3335204661142448
38943,0.8294849411691397
38944,0.13823220096026614
38945,0.1228099004395252
38946,0.29500360378150886
38947,0.30580125335246944
38948,0.30099351815057585
38949,0.220330315990278
38950,0.20111132067544546
38951,0.6298525791639938
38952,0.5009009063067263
38953,0.5047003097139104
38954,0.5647728434978309
38955,0.3984849505613868
38956,0.8678033520984033
38957,0.523308978512164
38958,0.46200550491542053
38959,0.20509455106261673
38960,0.4070376163981807
38961,0.45365094846444204
38962,0.5866484020966942
38963,0.6957882250021279
38964,0.7003005417006806
38965,0.8405745077196587
38966,0.27845506049621294
38967,0.7728965507797643
38968,0.6492591454755605
38969,0.660418143923511
38970,0.42529464216837626
38971,0.6027360827802549
38972,0.2955254220565718
38973,0.7478902981170125
38974,0.4247509225374761
38975,0.16606496095570142
38976,0.45456366618179733
38977,0.6335617046793734
38978,0.3277197825751559
38979,0.5727560457661866
38980,0.5555285438229877
38981,0.21787415255932152
38982,0.6150674900742875
38983,0.25165809394290084
38984,0.29435554917625456
38985,0.4623902980171262
38986,0.4401614379907033
38987,0.3319310060452943
38988,0.39940938714440577
38989,0.1791553616315424
38990,0.14301616236876472
38991,0.6922431123598007
38992,0.14275768930164798
38993,0.6298384488206524
38994,0.22050723017292953
38995,0.7284906465786269
38996,0.39275882625091896
38997,0.8663279165489659
38998,0.657315736781921
38999,0.40946883080439356
39000,0.5965509690282598
39001,0.6733832097251548
39002,0.646570333656957
39003,0.32028868652433373
39004,0.3167226268005092
39005,0.5780811668837033
39006,0.5693966446793024
39007,0.5824844612369525
39008,0.7843394973858583
39009,0.2647857010825549
39010,0.25076663260314563
39011,0.15961822741371615
39012,0.4093263207744506
39013,0.1539793435321131
39014,0.36474529408643164
39015,0.37225868678019464
39016,0.5843191182907631
39017,0.5649851517508759
39018,0.5082750491217137
39019,0.43327324170445053
39020,0.1831848497733036
39021,0.7501031915177688
39022,0.2669680954776014
39023,0.27348502948285525
39024,0.22574308823367759
39025,0.5935222511086347
39026,0.5527795590056047
39027,0.7879610246692006
39028,0.2713838878581917
39029,0.2270265755096077
39030,0.704449156636209
39031,0.19742209677764266
39032,0.40393783809662515
39033,0.581395916885492
39034,0.427616948633426
39035,0.5556911838915064
39036,0.300834623078698
39037,0.5516655265030208
39038,0.5729080929083732
39039,0.28325487790362
39040,0.7282648370292877
39041,0.34092557079396457
39042,0.3121673119136745
39043,0.607915555632114
39044,0.6207599525171658
39045,0.19787138523249298
39046,0.7139742890090082
39047,0.3031505599715693
39048,0.28292152647006014
39049,0.21972330792206185
39050,0.27064533042077926
39051,0.17313429347586376
39052,0.43199465389027714
39053,0.21733195695119378
39054,0.1889896106516698
39055,0.428027857845621
39056,0.6822721889146413
39057,0.34778724004242423
39058,0.419146405014227
39059,0.36168874385286137
39060,0.3511507551555806
39061,0.4953802044859584
39062,0.2718399263091563
39063,0.7211002995469967
39064,0.22725909941241879
39065,0.7537635064660451
39066,0.556012413244441
39067,0.6575113341367743
39068,0.27989108189040934
39069,0.31346462911825645
39070,0.23545451479989943
39071,0.4806018293210798
39072,0.3714866047927977
39073,0.6633657403606773
39074,0.7121196705217856
39075,0.16855765623570879
39076,0.3583269773643328
39077,0.7294392449113016
39078,0.1790549227029288
39079,0.4887861616245794
39080,0.2713498254677917
39081,0.43514292937812094
39082,0.34526124627535565
39083,0.4286017172477361
39084,0.515892474779944
39085,0.29836007756978583
39086,0.5601887953156679
39087,0.2542528727838564
39088,0.5722100935898344
39089,0.8848645491768491
39090,0.48402949946840645
39091,0.5957839461307747
39092,0.7332000601183959
39093,0.3936085314490781
39094,0.3231773184021074
39095,0.8506272507904284
39096,0.7317710608577168
39097,0.7911487194725143
39098,0.6684647003389363
39099,0.3429417918063616
39100,0.8767576329351727
39101,0.6253260201505967
39102,0.31075251751515964
39103,0.27314898840183727
39104,0.24593750750541304
39105,0.7348933046810091
39106,0.4527412086240324
39107,0.5032554078292886
39108,0.738439160720021
39109,0.6860237784526816
39110,0.4458432053204917
39111,0.5310931185781139
39112,0.4575885667425665
39113,0.6938567226635544
39114,0.7752882493684489
39115,0.7133725434886403
39116,0.502896539605102
39117,0.34374025356701515
39118,0.32033702408897907
39119,0.3528801445414768
39120,0.6324856002883603
39121,0.5219264789362137
39122,0.23721986542370982
39123,0.6742840720510631
39124,0.20263042615269927
39125,0.4910467096854293
39126,0.7475116804940901
39127,0.667073462854118
39128,0.26819729506226603
39129,0.31636689548223534
39130,0.5677027963204033
39131,0.34756535999522975
39132,0.3359933551150741
39133,0.6246649541330006
39134,0.38000257636735785
39135,0.6236269050133799
39136,0.721616033144101
39137,0.37195093277312086
39138,0.1839762107579295
39139,0.6403378621187396
39140,0.3148207708516326
39141,0.2916483186342655
39142,0.4030927843186169
39143,0.35290792318827313
39144,0.3045313779552511
39145,0.8924626805168407
39146,0.31712107862372957
39147,0.8637927293928354
39148,0.5055045753014134
39149,0.39263289659240463
39150,0.3049012179895069
39151,0.3549568869208783
39152,0.5046352104736951
39153,0.6478905817245938
39154,0.4262316776604235
39155,0.8343526630606376
39156,0.7566285932768473
39157,0.6752167899742185
39158,0.8436020635916043
39159,0.8744089515881664
39160,0.8050134539182527
39161,0.7577293421892951
39162,0.8437990278924264
39163,0.9193184356171727
39164,0.6648958965516187
39165,0.674454099407177
39166,0.6595635904594556
39167,0.685820815598167
39168,0.5228387495515685
39169,0.7732500515289477
39170,0.4362302113107519
39171,0.7521728189644203
39172,0.7481067738976964
39173,0.469627555950259
39174,0.6246738500542979
39175,0.5598889394622675
39176,0.662723281416129
39177,0.820105437119358
39178,0.6524785255494365
39179,0.7198106260056684
39180,0.7725271446368748
39181,0.5398532493847032
39182,0.45649758447597427
39183,0.4242779073741794
39184,0.764512538028282
39185,0.5341203881229123
39186,0.6936870741021602
39187,0.8125136509845774
39188,0.5611090563851994
39189,0.7335321955697306
39190,0.7269959591788399
39191,0.4141742327911628
39192,0.6820892089534566
39193,0.6923547797355522
39194,0.9023487992694983
39195,0.5396650645983745
39196,0.714243972259607
39197,0.4405174520375166
39198,0.3983065763951655
39199,0.6521183121483064
39200,0.6261941767218235
39201,0.6645024675231086
39202,0.5268059758503423
39203,0.6132804162012135
39204,0.7266536249335761
39205,0.5539831749043672
39206,0.9065632060728396
39207,0.2619094034760989
39208,0.6363804355147841
39209,0.46261024976317805
39210,0.24636662697540102
39211,0.6909235963175017
39212,0.8789594920123484
39213,0.31934506022341386
39214,0.3246194240419587
39215,0.5849567347167766
39216,0.26810657993739534
39217,0.2468758957256427
39218,0.5619287742062276
39219,0.6477060829359829
39220,0.38984825118123206
39221,0.5588956714186946
39222,0.19494574804497852
39223,0.3669520939106378
39224,0.44206182541101297
39225,0.41919639752343596
39226,0.18844214522336314
39227,0.6501787797176602
39228,0.6272677013864522
39229,0.5777964942466873
39230,0.6111385417055162
39231,0.864690463344846
39232,0.6733382243953402
39233,0.5869458332996731
39234,0.18655616012184842
39235,0.49898248894502206
39236,0.7375081546295245
39237,0.6276734948017396
39238,0.6929195575855629
39239,0.5686364981047389
39240,0.3862535153221976
39241,0.6367856664757114
39242,0.2324347611960345
39243,0.43727083712391784
39244,0.18517868178617436
39245,0.3628235863752421
39246,0.5985960528505141
39247,0.39066884451260114
39248,0.6933023087234697
39249,0.41928064664739073
39250,0.3071181161741639
39251,0.4454186917577705
39252,0.42274406294874783
39253,0.34195871656803567
39254,0.178320935624592
39255,0.3536706332352229
39256,0.3177238953376912
39257,0.36141050539582104
39258,0.6149321980288378
39259,0.3550031063017983
39260,0.14882095221100083
39261,0.5529767510015053
39262,0.27959215900444423
39263,0.19867563377561478
39264,0.6430786511819284
39265,0.6884366722896456
39266,0.6361776452275081
39267,0.1723009090653251
39268,0.4753838898224008
39269,0.6166841803295358
39270,0.7646995054738972
39271,0.2953132776082893
39272,0.5396160160892366
39273,0.34336985152938687
39274,0.47301021044043196
39275,0.21344997971035595
39276,0.3595668152908572
39277,0.4845374128041539
39278,0.280236585060591
39279,0.7450234081035116
39280,0.4849120252799749
39281,0.680198864579707
39282,0.2522153494040407
39283,0.5958721580731041
39284,0.5552423766532227
39285,0.5890803136997436
39286,0.47169869906434136
39287,0.7259374852110193
39288,0.4856524982571609
39289,0.26250560184797866
39290,0.30825341869686246
39291,0.2667754195471011
39292,0.5279183994703608
39293,0.4963497720041332
39294,0.6050803983499354
39295,0.1710268223648697
39296,0.5154719830037376
39297,0.3505683049593511
39298,0.21500271168901056
39299,0.8043684715706122
39300,0.20424487516935783
39301,0.48512147042623155
39302,0.5859120109876006
39303,0.21652868079806492
39304,0.29784833566946717
39305,0.5602578999530256
39306,0.5000389836484077
39307,0.6901498133003311
39308,0.6579656936004805
39309,0.545593219497922
39310,0.21496134966108663
39311,0.7832066026246786
39312,0.6273654716343763
39313,0.1766778346383916
39314,0.2934456338200187
39315,0.28069309759498035
39316,0.6315546895590181
39317,0.5522765780406221
39318,0.6558620540791296
39319,0.26365041761399105
39320,0.6366377510555273
39321,0.2887194534170626
39322,0.6226642757350743
39323,0.41710139931483214
39324,0.6148087244911185
39325,0.21260193682952863
39326,0.6290019371506032
39327,0.5163877538701704
39328,0.4776469551785879
39329,0.7309797343344566
39330,0.2768997696777389
39331,0.3451003859733628
39332,0.27977928914155076
39333,0.3512869610846207
39334,0.5401766302238186
39335,0.7834335189864686
39336,0.2850245911764398
39337,0.1595862030343197
39338,0.36396051976855365
39339,0.4648729671690579
39340,0.7270339784926558
39341,0.6311117689364255
39342,0.5070988486054162
39343,0.4599896542923896
39344,0.7272842431492538
39345,0.3163327272857792
39346,0.3635571943965761
39347,0.7542835238746278
39348,0.6980704878408174
39349,0.6287884473533264
39350,0.41957899099467294
39351,0.45011141422789425
39352,0.30234712149730886
39353,0.6083826737729147
39354,0.6348961465580245
39355,0.18274184253496986
39356,0.37266123848534044
39357,0.44872666883164736
39358,0.5980371917117889
39359,0.22675295789192168
39360,0.3980067205661503
39361,0.3607513330437734
39362,0.5074698750822855
39363,0.48560437015208135
39364,0.29957182980085373
39365,0.41973894924457006
39366,0.6822758388771163
39367,0.7530593006352048
39368,0.5836300505888554
39369,0.24805040359882044
39370,0.6646410952673412
39371,0.36979510994732434
39372,0.5493331501862988
39373,0.5425522021607742
39374,0.6356095928280119
39375,0.6308857619001035
39376,0.35954458200618894
39377,0.4220475040973794
39378,0.6617045861203787
39379,0.39658627102157823
39380,0.18970887831545702
39381,0.3281413324477969
39382,0.65269137232032
39383,0.3592707116224017
39384,0.17774162450762176
39385,0.25962640263174636
39386,0.3472499689228927
39387,0.487493180463893
39388,0.7413751890566843
39389,0.7347026538611028
39390,0.6037212865227476
39391,0.6879827582791602
39392,0.6938407296876816
39393,0.7620558803837701
39394,0.657528977621298
39395,0.6924055207841727
39396,0.4871726233734341
39397,0.5018733459116489
39398,0.3226392232338002
39399,0.5717595718083451
39400,0.5274267453531912
39401,0.5005963619573894
39402,0.7228006560280482
39403,0.4926910974474506
39404,0.5966182335282444
39405,0.331463401048997
39406,0.4304200099683734
39407,0.5205197345321215
39408,0.6249573387531504
39409,0.4114492182898713
39410,0.39093538019668456
39411,0.5968910936986994
39412,0.47385094051136584
39413,0.8304675487333325
39414,0.6116883223540641
39415,0.7669536109521611
39416,0.6550455347187442
39417,0.2207472239141034
39418,0.6908017285241612
39419,0.45057786739536404
39420,0.3471603948844416
39421,0.4488967816918748
39422,0.573111224363594
39423,0.7527984060131423
39424,0.7510122744653535
39425,0.3685290239410853
39426,0.6562806305863103
39427,0.5134961464445806
39428,0.6080001143911813
39429,0.6908379606905034
39430,0.4241522908970793
39431,0.707624633807393
39432,0.3900621516835405
39433,0.7744320890016891
39434,0.603099205262736
39435,0.29613572552368383
39436,0.4673943096273344
39437,0.6227982316529338
39438,0.5597180983189937
39439,0.3309838554044815
39440,0.23679432213969273
39441,0.19344602040509898
39442,0.3834773234250177
39443,0.4265428408066225
39444,0.5377100833043315
39445,0.6298873879166312
39446,0.6477607983118835
39447,0.4849971893099249
39448,0.4561074617584184
39449,0.6173221810700638
39450,0.6533258968043162
39451,0.25635424237384086
39452,0.6507304112533357
39453,0.4065708311442542
39454,0.4710182118687485
39455,0.15447882354886383
39456,0.2220234020518436
39457,0.33964274565241165
39458,0.18415764346579902
39459,0.36030388526413454
39460,0.40335109671898195
39461,0.3774571056240269
39462,0.37987230267812166
39463,0.3742109947300598
39464,0.8505294914440567
39465,0.5107771024726506
39466,0.6417164015053538
39467,0.2356844496566885
39468,0.2984620404801409
39469,0.3306409339207652
39470,0.8089520642112843
39471,0.7870886363800185
39472,0.7568236681203647
39473,0.8124821981742256
39474,0.7141079965532211
39475,0.3201610252794074
39476,0.855961889973799
39477,0.7562989608895787
39478,0.6846631962667585
39479,0.6738430059971905
39480,0.7991461122394228
39481,0.5442578747067589
39482,0.7818788514168068
39483,0.6995681124584244
39484,0.4426976209332172
39485,0.5762107726027546
39486,0.5717239229332104
39487,0.8772698526769769
39488,0.6522451896274565
39489,0.7772771349266944
39490,0.5369917224952944
39491,0.88974049510205
39492,0.6885622502051119
39493,0.6472559470012291
39494,0.7030916904494752
39495,0.635682506911342
39496,0.7162025666201369
39497,0.4129105071327645
39498,0.4766473787253033
39499,0.7106203385495601
39500,0.788736600579792
39501,0.4769244109079843
39502,0.7170558009547467
39503,0.7982385974706304
39504,0.6675764554721771
39505,0.5065044635828119
39506,0.7218590767081811
39507,0.7253862658724999
39508,0.5380957040395741
39509,0.37552062519191587
39510,0.43454827952707364
39511,0.6737847410838111
39512,0.653270487521906
39513,0.6916988688087212
39514,0.8959573605430541
39515,0.5489708018133161
39516,0.5018088382813467
39517,0.5896065964721262
39518,0.5697989787457125
39519,0.5151130875369975
39520,0.6467698140285273
39521,0.46508271402685064
39522,0.6386602049654002
39523,0.39407508658664425
39524,0.6517184931111772
39525,0.768247716681519
39526,0.6406194338875167
39527,0.7085574004372053
39528,0.3606084024773572
39529,0.3523405525135873
39530,0.17766721190634246
39531,0.49130114207299064
39532,0.4079856547501283
39533,0.2817318925463099
39534,0.17547334812431437
39535,0.7011234695865275
39536,0.2963877877736107
39537,0.6694497415707887
39538,0.6929411248583579
39539,0.1845520364775356
39540,0.24392910758817646
39541,0.7187835157034007
39542,0.6727591996381912
39543,0.15496726458926838
39544,0.5942230873824316
39545,0.6053842079100038
39546,0.5418076663455157
39547,0.2543424854607406
39548,0.6026565801706558
39549,0.2854849060072148
39550,0.27800111420566326
39551,0.4356576072783018
39552,0.4520914277320779
39553,0.21920536603526697
39554,0.3782265574422489
39555,0.6188197445252867
39556,0.4888114037081623
39557,0.591443648353525
39558,0.5779003330863137
39559,0.17846383476718314
39560,0.6443525032350099
39561,0.8818595126060206
39562,0.5964139390539434
39563,0.14590257527336287
39564,0.22123886425966785
39565,0.41907119202163473
39566,0.18328109050607475
39567,0.2852635554525837
39568,0.23355959906245594
39569,0.6032417208413368
39570,0.5431711296075045
39571,0.36323018804164287
39572,0.6710023977455754
39573,0.3344839226431425
39574,0.4226156134286299
39575,0.6924618703881847
39576,0.5277579170860222
39577,0.3057263969246151
39578,0.31871014322089125
39579,0.18415854798916853
39580,0.3054636793533455
39581,0.40883832296727085
39582,0.4392292320846542
39583,0.11997162721970753
39584,0.6271932176422187
39585,0.5213229394727859
39586,0.611148122686405
39587,0.246391240617756
39588,0.7149494503194875
39589,0.19879224664958828
39590,0.7673108587467937
39591,0.22569275647647707
39592,0.35282917252092166
39593,0.5027407821397303
39594,0.14808794207011464
39595,0.20170379776491187
39596,0.72571205663824
39597,0.7157370504958267
39598,0.6150216063218554
39599,0.49469400399120916
39600,0.6481517348267455
39601,0.6362817477770517
39602,0.27621309817490175
39603,0.4797702732973124
39604,0.9003657583981627
39605,0.38364320703333965
39606,0.8067489881353305
39607,0.7278611642210737
39608,0.5926963977485145
39609,0.17499372889482545
39610,0.6341415526061154
39611,0.3686718244727755
39612,0.23336476651282265
39613,0.3907417025165732
39614,0.25418198693587024
39615,0.6267837259370043
39616,0.6385685349928599
39617,0.4077113984410957
39618,0.33605357568102995
39619,0.3211407884946245
39620,0.26007048775819797
39621,0.6043274953799744
39622,0.280078787398246
39623,0.37762816111008013
39624,0.6445878546684737
39625,0.4959510704617655
39626,0.6124575833672179
39627,0.17901856024736268
39628,0.23638984197518043
39629,0.4379307023297614
39630,0.2681453387672713
39631,0.2780565120868839
39632,0.42178946975156306
39633,0.19225145171751426
39634,0.6629507171308949
39635,0.7561272803314191
39636,0.8273806461040615
39637,0.3945843761311035
39638,0.45390823132474606
39639,0.7826987029428367
39640,0.6905564551489943
39641,0.6221154169512109
39642,0.11606474427646632
39643,0.3967239771395376
